ID,Messenger_datetimes,RHESSI_datetimes,Obs_start_time,Obs_end_time,Messenger_T,Messenger_EM1,Messenger_GOES,Messenger_total_counts,RHESSI_GOES,GOES_GOES,RHESSI_total_counts,source_vis,Messenger_data_path,RHESSI_data_path,XRS_files,QL_images,RHESSI_browser_urls,csv_name,Angle,Notes
7053005,30-May-2007 13:59:58.000,30-May-2007 13:46:33.000,30-May-2007 13:53:55.000,30-May-2007 13:54:11.000,1.6424274444580078,1.9132308959960938,M4.2,0.0,C2.0*,B2.5,0.0,nan,/Users/wheatley/Documents/Solar/occulted_flares/data/dat_files,/Users/wheatley/Documents/Solar/occulted_flares/data/,/xrs2007150,nan,nan,list_fixed_fit_high.csv,62.50337424849359,18.6913
7060208,02-Jun-2007 10:33:54.000,02-Jun-2007 10:31:26.000,02-Jun-2007 10:33:47.000,02-Jun-2007 10:34:03.000,1.649368405342102,0.2716652750968933,C5.9,0.0,M1.0,C8.0,0.0,nan,/Users/wheatley/Documents/Solar/occulted_flares/data/dat_files,/Users/wheatley/Documents/Solar/occulted_flares/data/,/xrs2007153,nan,nan,list_fixed_fit_high.csv,60.64699146509474,5.97018
7060304,03-Jun-2007 07:04:10.000,03-Jun-2007 06:36:23.000,03-Jun-2007 06:43:45.000,03-Jun-2007 06:44:01.000,1.4486442804336548,0.9723700284957886,M2.0,0.0,,M1.9,0.0,nan,/Users/wheatley/Documents/Solar/occulted_flares/data/dat_files,/Users/wheatley/Documents/Solar/occulted_flares/data/,/xrs2007154,nan,nan,list_fixed_fit_high.csv,60.075911481949895,8.43392
7071024,10-Jul-2007 12:39:50.000,10-Jul-2007 12:36:17.000,10-Jul-2007 12:38:38.000,10-Jul-2007 12:38:54.000,1.5442405939102173,0.19795195758342743,C4.1,0.0,C1.1*,C4.4,0.0,nan,/Users/wheatley/Documents/Solar/occulted_flares/data/dat_files,/Users/wheatley/Documents/Solar/occulted_flares/data/,/xrs2007191,nan,nan,list_fixed_fit_high.csv,52.59610651071607,4.24494
10020621,06-Feb-2010 15:35:18.000,06-Feb-2010 15:29:58.000,06-Feb-2010 15:37:19.000,06-Feb-2010 15:37:35.000,1.2884585857391357,0.09884947538375854,C1.8,0.0,B1.3,C3.3,0.0,nan,/Users/wheatley/Documents/Solar/occulted_flares/data/dat_files,/Users/wheatley/Documents/Solar/occulted_flares/data/,/xrs2010037,nan,nan,list_fixed_fit_high.csv,38.286310615814315,8.87206
10020855,08-Feb-2010 13:55:14.000,08-Feb-2010 13:41:22.000,08-Feb-2010 13:48:43.000,08-Feb-2010 13:48:59.000,1.3720481395721436,0.4793899655342102,C9.3,0.0,B1.3,M1.7,0.0,nan,/Users/wheatley/Documents/Solar/occulted_flares/data/dat_files,/Users/wheatley/Documents/Solar/occulted_flares/data/,/xrs2010039,nan,nan,list_fixed_fit_high.csv,42.95263410531598,9.95846
10110321,03-Nov-2010 12:17:14.000,03-Nov-2010 12:11:43.000,03-Nov-2010 12:19:04.000,03-Nov-2010 12:19:20.000,1.5557674169540405,0.6588686108589172,M1.4,0.0,B4.7*,C4.3,0.0,nan,/Users/wheatley/Documents/Solar/occulted_flares/data/dat_files,/Users/wheatley/Documents/Solar/occulted_flares/data/,/xrs2010307,nan,nan,list_fixed_fit_high.csv,102.01550077442414,8.13167
10110640,06-Nov-2010 16:25:50.000,06-Nov-2010 15:31:53.000,06-Nov-2010 15:39:14.000,06-Nov-2010 15:39:30.000,1.458846926689148,1.0351818799972534,M2.1,0.0,C8.2,M4.3,0.0,nan,/Users/wheatley/Documents/Solar/occulted_flares/data/dat_files,/Users/wheatley/Documents/Solar/occulted_flares/data/,/xrs2010310,nan,nan,list_fixed_fit_high.csv,96.70174490548968,6.83105
11021464,14-Feb-2011 16:04:34.000,14-Feb-2011 15:41:43.000,14-Feb-2011 15:52:50.000,14-Feb-2011 15:53:06.000,1.334088683128357,0.402648389339447,C7.7,0.0,B2.2,C1.2,0.0,nan,/Users/wheatley/Documents/Solar/occulted_flares/data/dat_files,/Users/wheatley/Documents/Solar/occulted_flares/data/,/xrs2011045,nan,nan,list_fixed_fit_high.csv,153.9005900649947,8.90658
11021439,14-Feb-2011 16:27:38.000,14-Feb-2011 15:41:43.000,14-Feb-2011 15:52:50.000,14-Feb-2011 15:53:06.000,1.334088683128357,0.402648389339447,C7.7,0.0,B7.8,C1.2,0.0,nan,/Users/wheatley/Documents/Solar/occulted_flares/data/dat_files,/Users/wheatley/Documents/Solar/occulted_flares/data/,/xrs2011045,nan,nan,list_fixed_fit_high.csv,153.9005900649947,8.90658
11021465,14-Feb-2011 16:30:34.000,14-Feb-2011 15:41:43.000,14-Feb-2011 15:52:50.000,14-Feb-2011 15:53:06.000,1.334088683128357,0.402648389339447,C7.7,0.0,,C1.2,0.0,nan,/Users/wheatley/Documents/Solar/occulted_flares/data/dat_files,/Users/wheatley/Documents/Solar/occulted_flares/data/,/xrs2011045,nan,nan,list_fixed_fit_high.csv,153.9005900649947,8.90658
11021908,19-Feb-2011 02:09:22.000,19-Feb-2011 02:56:59.000,19-Feb-2011 03:00:36.000,19-Feb-2011 03:00:52.000,1.450569987297058,0.09830959886312485,C2.0,0.0,,C3.1,0.0,nan,/Users/wheatley/Documents/Solar/occulted_flares/data/dat_files,/Users/wheatley/Documents/Solar/occulted_flares/data/,/xrs2011050,nan,nan,list_fixed_fit_high.csv,161.01853990805157,8.62742
11021975,19-Feb-2011 11:35:34.000,19-Feb-2011 11:49:29.000,19-Feb-2011 12:00:36.000,19-Feb-2011 12:00:52.000,1.3778856992721558,0.6024743914604187,M1.2,0.0,B2.7,C1.0,0.0,nan,/Users/wheatley/Documents/Solar/occulted_flares/data/dat_files,/Users/wheatley/Documents/Solar/occulted_flares/data/,/xrs2011050,nan,nan,list_fixed_fit_high.csv,161.01853990805157,25.4983
11021935,19-Feb-2011 11:48:06.000,19-Feb-2011 11:49:29.000,19-Feb-2011 12:00:36.000,19-Feb-2011 12:00:52.000,1.3778856992721558,0.6024743914604187,M1.2,0.0,C1.0,C1.0,0.0,nan,/Users/wheatley/Documents/Solar/occulted_flares/data/dat_files,/Users/wheatley/Documents/Solar/occulted_flares/data/,/xrs2011050,nan,nan,list_fixed_fit_high.csv,161.01853990805157,25.4983
11021937,19-Feb-2011 12:24:42.000,19-Feb-2011 11:49:29.000,19-Feb-2011 12:00:36.000,19-Feb-2011 12:00:52.000,1.3778856992721558,0.6024743914604187,M1.2,0.0,C1.1*,C1.0,0.0,nan,/Users/wheatley/Documents/Solar/occulted_flares/data/dat_files,/Users/wheatley/Documents/Solar/occulted_flares/data/,/xrs2011050,nan,nan,list_fixed_fit_high.csv,161.01853990805157,25.4983
11022407,24-Feb-2011 07:32:18.000,24-Feb-2011 07:27:18.000,24-Feb-2011 07:38:24.000,24-Feb-2011 07:38:40.000,1.3962745666503906,0.593190610408783,M1.2,0.0,,M2.8,0.0,nan,/Users/wheatley/Documents/Solar/occulted_flares/data/dat_files,/Users/wheatley/Documents/Solar/occulted_flares/data/,/xrs2011055,nan,nan,list_fixed_fit_high.csv,167.76182647093714,9.51025
11030656,06-Mar-2011 17:58:10.000,06-Mar-2011 18:12:57.000,06-Mar-2011 18:16:33.000,06-Mar-2011 18:16:49.000,1.359162449836731,0.0705767497420311,C1.4,0.0,,C1.8,0.0,nan,/Users/wheatley/Documents/Solar/occulted_flares/data/dat_files,/Users/wheatley/Documents/Solar/occulted_flares/data/,/xrs2011065,nan,nan,list_fixed_fit_high.csv,152.3561477913242,5.39995
11041649,16-Apr-2011 14:06:30.000,16-Apr-2011 13:53:21.000,16-Apr-2011 14:04:28.000,16-Apr-2011 14:04:44.000,1.2179546356201172,0.14367404580116272,C2.6,0.0,C2.1,C5.1,0.0,nan,/Users/wheatley/Documents/Solar/occulted_flares/data/dat_files,/Users/wheatley/Documents/Solar/occulted_flares/data/,/xrs2011106,nan,nan,list_fixed_fit_high.csv,11.379861548452656,8.57491
11042276,22-Apr-2011 04:47:58.000,22-Apr-2011 04:38:02.000,22-Apr-2011 04:52:53.000,22-Apr-2011 04:53:09.000,1.3011916875839233,0.5186775326728821,C9.8,0.0,C1.1,M1.7,0.0,nan,/Users/wheatley/Documents/Solar/occulted_flares/data/dat_files,/Users/wheatley/Documents/Solar/occulted_flares/data/,/xrs2011112,nan,nan,list_fixed_fit_high.csv,20.29385855189691,14.2374
11042235,22-Apr-2011 11:24:18.000,22-Apr-2011 11:19:47.000,22-Apr-2011 11:23:23.000,22-Apr-2011 11:23:39.000,1.1986337900161743,0.19796304404735565,C3.5,0.0,B8.4,C6.3,0.0,nan,/Users/wheatley/Documents/Solar/occulted_flares/data/dat_files,/Users/wheatley/Documents/Solar/occulted_flares/data/,/xrs2011112,nan,nan,list_fixed_fit_high.csv,20.29385855189691,9.95019
11072842,28-Jul-2011 12:09:38.000,28-Jul-2011 12:05:44.000,28-Jul-2011 12:09:21.000,28-Jul-2011 12:09:37.000,1.2826601266860962,0.11105838418006897,C2.1,0.0,,C4.5,0.0,nan,/Users/wheatley/Documents/Solar/occulted_flares/data/dat_files,/Users/wheatley/Documents/Solar/occulted_flares/data/,/xrs2011209,nan,nan,list_fixed_fit_high.csv,59.45254482541985,6.30507
11080832,08-Aug-2011 18:27:34.000,08-Aug-2011 18:01:03.000,08-Aug-2011 18:08:25.000,08-Aug-2011 18:08:41.000,1.5653676986694336,0.8364405035972595,M1.8,0.0,B1.2,M3.1,0.0,nan,/Users/wheatley/Documents/Solar/occulted_flares/data/dat_files,/Users/wheatley/Documents/Solar/occulted_flares/data/,/xrs2011220,nan,nan,list_fixed_fit_high.csv,40.291304405955984,18.4356
11080927,09-Aug-2011 08:04:34.000,09-Aug-2011 07:56:50.000,09-Aug-2011 08:06:23.000,09-Aug-2011 08:06:39.000,2.2097654342651367,3.61460542678833,M5.3,0.0,B2.7,X5.5,0.0,nan,/Users/wheatley/Documents/Solar/occulted_flares/data/dat_files,/Users/wheatley/Documents/Solar/occulted_flares/data/,/xrs2011221,nan,nan,list_fixed_fit_high.csv,38.40353112625646,95.82
11080927,09-Aug-2011 08:04:34.000,09-Aug-2011 08:10:42.000,09-Aug-2011 08:11:23.000,09-Aug-2011 08:11:39.000,1.5662633180618286,2.5038540363311768,M5.3,0.0,B7.2,X1.1,0.0,nan,/Users/wheatley/Documents/Solar/occulted_flares/data/dat_files,/Users/wheatley/Documents/Solar/occulted_flares/data/,/xrs2011221,nan,nan,list_fixed_fit_high.csv,38.40353112625646,24.9692
11091009,10-Sep-2011 07:26:30.000,10-Sep-2011 07:22:07.000,10-Sep-2011 07:27:49.000,10-Sep-2011 07:28:05.000,1.4730812311172485,0.2597445547580719,C5.3,0.0,B5.2*,M1.0,0.0,nan,/Users/wheatley/Documents/Solar/occulted_flares/data/dat_files,/Users/wheatley/Documents/Solar/occulted_flares/data/,/xrs2011253,nan,nan,list_fixed_fit_high.csv,83.30894734802933,8.17663
11091327,13-Sep-2011 17:54:06.000,13-Sep-2011 17:48:30.000,13-Sep-2011 17:55:52.000,13-Sep-2011 17:56:08.000,1.2313417196273804,0.07715854793787003,C1.4,0.0,,C1.5,0.0,nan,/Users/wheatley/Documents/Solar/occulted_flares/data/dat_files,/Users/wheatley/Documents/Solar/occulted_flares/data/,/xrs2011256,nan,nan,list_fixed_fit_high.csv,98.4578740143128,2.53446
11091670,16-Sep-2011 10:37:42.000,16-Sep-2011 11:32:47.000,16-Sep-2011 11:35:08.000,16-Sep-2011 11:35:24.000,1.3983724117279053,0.12566624581813812,C2.5,0.0,C1.1,C6.1,0.0,nan,/Users/wheatley/Documents/Solar/occulted_flares/data/dat_files,/Users/wheatley/Documents/Solar/occulted_flares/data/,/xrs2011259,nan,nan,list_fixed_fit_high.csv,112.62998064317969,7.68835
11091951,19-Sep-2011 05:26:26.000,19-Sep-2011 04:30:25.000,19-Sep-2011 04:31:06.000,19-Sep-2011 04:31:22.000,1.2881914377212524,0.07613462954759598,C1.4,0.0,C2.2*,C1.1,0.0,nan,/Users/wheatley/Documents/Solar/occulted_flares/data/dat_files,/Users/wheatley/Documents/Solar/occulted_flares/data/,/xrs2011262,nan,nan,list_fixed_fit_high.csv,125.42397790297399,3.17781
11092032,20-Sep-2011 12:38:10.000,20-Sep-2011 12:29:04.000,20-Sep-2011 12:36:26.000,20-Sep-2011 12:36:42.000,1.2741776704788208,0.28322750329971313,C5.3,0.0,,C1.6,0.0,nan,/Users/wheatley/Documents/Solar/occulted_flares/data/dat_files,/Users/wheatley/Documents/Solar/occulted_flares/data/,/xrs2011263,nan,nan,list_fixed_fit_high.csv,129.34652579272324,14.6825
11092066,20-Sep-2011 13:01:18.000,20-Sep-2011 12:29:04.000,20-Sep-2011 12:36:26.000,20-Sep-2011 12:36:42.000,1.2741776704788208,0.28322750329971313,C5.3,0.0,C2.2,C1.6,0.0,nan,/Users/wheatley/Documents/Solar/occulted_flares/data/dat_files,/Users/wheatley/Documents/Solar/occulted_flares/data/,/xrs2011263,nan,nan,list_fixed_fit_high.csv,129.34652579272324,14.6825
110921100,21-Sep-2011 12:33:42.000,21-Sep-2011 12:08:22.000,21-Sep-2011 12:20:44.000,21-Sep-2011 12:21:00.000,1.4602558612823486,0.08948918431997299,C1.8,0.0,C3.4,M1.8,0.0,nan,/Users/wheatley/Documents/Solar/occulted_flares/data/dat_files,/Users/wheatley/Documents/Solar/occulted_flares/data/,/xrs2011264,nan,nan,list_fixed_fit_high.csv,133.09231543854816,7.83183
11092515,25-Sep-2011 07:29:42.000,25-Sep-2011 06:52:42.000,25-Sep-2011 07:05:03.000,25-Sep-2011 07:05:19.000,1.2853518724441528,0.17041975259780884,C3.2,0.0,,M1.3,0.0,nan,/Users/wheatley/Documents/Solar/occulted_flares/data/dat_files,/Users/wheatley/Documents/Solar/occulted_flares/data/,/xrs2011268,nan,nan,list_fixed_fit_high.csv,146.2802277132379,12.8669
11092517,25-Sep-2011 08:19:58.000,25-Sep-2011 08:37:42.000,25-Sep-2011 08:40:03.000,25-Sep-2011 08:40:19.000,1.2406316995620728,0.0790722444653511,C1.4,0.0,B1.5,C6.4,0.0,nan,/Users/wheatley/Documents/Solar/occulted_flares/data/dat_files,/Users/wheatley/Documents/Solar/occulted_flares/data/,/xrs2011268,nan,nan,list_fixed_fit_high.csv,146.2802277132379,2.48726
11092520,25-Sep-2011 09:31:30.000,25-Sep-2011 08:37:42.000,25-Sep-2011 08:40:03.000,25-Sep-2011 08:40:19.000,1.2406316995620728,0.0790722444653511,C2.3,0.0,,C6.4,0.0,nan,/Users/wheatley/Documents/Solar/occulted_flares/data/dat_files,/Users/wheatley/Documents/Solar/occulted_flares/data/,/xrs2011268,nan,nan,list_fixed_fit_high.csv,146.2802277132379,2.48726
11092520,25-Sep-2011 09:31:30.000,25-Sep-2011 09:27:42.000,25-Sep-2011 09:40:03.000,25-Sep-2011 09:40:19.000,1.3484078645706177,0.14536704123020172,C2.3,0.0,,M1.4,0.0,nan,/Users/wheatley/Documents/Solar/occulted_flares/data/dat_files,/Users/wheatley/Documents/Solar/occulted_flares/data/,/xrs2011268,nan,nan,list_fixed_fit_high.csv,146.2802277132379,8.95711
11092520,25-Sep-2011 09:31:30.000,25-Sep-2011 10:27:42.000,25-Sep-2011 10:30:03.000,25-Sep-2011 10:30:19.000,1.1369584798812866,0.13384737074375153,C2.3,0.0,C8.8,C6.9,0.0,nan,/Users/wheatley/Documents/Solar/occulted_flares/data/dat_files,/Users/wheatley/Documents/Solar/occulted_flares/data/,/xrs2011268,nan,nan,list_fixed_fit_high.csv,146.2802277132379,3.99087
11092521,25-Sep-2011 10:41:06.000,25-Sep-2011 10:27:42.000,25-Sep-2011 10:30:03.000,25-Sep-2011 10:30:19.000,1.1369584798812866,0.13384737074375153,C2.3,0.0,B6.5,C6.9,0.0,nan,/Users/wheatley/Documents/Solar/occulted_flares/data/dat_files,/Users/wheatley/Documents/Solar/occulted_flares/data/,/xrs2011268,nan,nan,list_fixed_fit_high.csv,146.2802277132379,3.99087
11092524,25-Sep-2011 15:32:34.000,25-Sep-2011 15:00:17.000,25-Sep-2011 15:12:38.000,25-Sep-2011 15:12:54.000,1.2840265035629272,0.09980053454637527,C2.6,0.0,B7.7,C5.5,0.0,nan,/Users/wheatley/Documents/Solar/occulted_flares/data/dat_files,/Users/wheatley/Documents/Solar/occulted_flares/data/,/xrs2011268,nan,nan,list_fixed_fit_high.csv,146.2802277132379,11.3834
11092524,25-Sep-2011 15:32:34.000,25-Sep-2011 16:10:17.000,25-Sep-2011 16:17:38.000,25-Sep-2011 16:17:54.000,1.2606936693191528,0.13863223791122437,C2.6,0.0,C2.4,M1.2,0.0,nan,/Users/wheatley/Documents/Solar/occulted_flares/data/dat_files,/Users/wheatley/Documents/Solar/occulted_flares/data/,/xrs2011268,nan,nan,list_fixed_fit_high.csv,146.2802277132379,7.42722
11092562,25-Sep-2011 15:40:38.000,25-Sep-2011 15:00:17.000,25-Sep-2011 15:12:38.000,25-Sep-2011 15:12:54.000,1.2840265035629272,0.09980053454637527,C2.6,0.0,B8.5,C5.5,0.0,nan,/Users/wheatley/Documents/Solar/occulted_flares/data/dat_files,/Users/wheatley/Documents/Solar/occulted_flares/data/,/xrs2011268,nan,nan,list_fixed_fit_high.csv,146.2802277132379,11.3834
11092562,25-Sep-2011 15:40:38.000,25-Sep-2011 16:10:17.000,25-Sep-2011 16:17:38.000,25-Sep-2011 16:17:54.000,1.2606936693191528,0.13863223791122437,C2.6,0.0,,M1.2,0.0,nan,/Users/wheatley/Documents/Solar/occulted_flares/data/dat_files,/Users/wheatley/Documents/Solar/occulted_flares/data/,/xrs2011268,nan,nan,list_fixed_fit_high.csv,146.2802277132379,7.42722
11092549,25-Sep-2011 17:03:50.000,25-Sep-2011 16:10:17.000,25-Sep-2011 16:17:38.000,25-Sep-2011 16:17:54.000,1.2606936693191528,0.13863223791122437,C2.6,0.0,,M1.2,0.0,nan,/Users/wheatley/Documents/Solar/occulted_flares/data/dat_files,/Users/wheatley/Documents/Solar/occulted_flares/data/,/xrs2011268,nan,nan,list_fixed_fit_high.csv,146.2802277132379,7.42722
11092537,25-Sep-2011 22:31:30.000,25-Sep-2011 22:15:17.000,25-Sep-2011 22:22:38.000,25-Sep-2011 22:22:54.000,1.3318352699279785,0.15108567476272583,C2.9,0.0,C3.2*,C6.9,0.0,nan,/Users/wheatley/Documents/Solar/occulted_flares/data/dat_files,/Users/wheatley/Documents/Solar/occulted_flares/data/,/xrs2011268,nan,nan,list_fixed_fit_high.csv,146.2802277132379,9.12688
11092930,29-Sep-2011 12:46:26.000,29-Sep-2011 12:07:51.000,29-Sep-2011 12:10:13.000,29-Sep-2011 12:10:29.000,1.3098466396331787,0.09411320835351944,C1.8,0.0,C1.5*,B6.2,0.0,nan,/Users/wheatley/Documents/Solar/occulted_flares/data/dat_files,/Users/wheatley/Documents/Solar/occulted_flares/data/,/xrs2011272,nan,nan,list_fixed_fit_high.csv,156.4448786626775,1.83743
11093009,30-Sep-2011 03:58:42.000,30-Sep-2011 03:10:04.000,30-Sep-2011 03:12:25.000,30-Sep-2011 03:12:41.000,1.2375298738479614,0.13022634387016296,C2.4,0.0,C1.5*,B5.2,0.0,nan,/Users/wheatley/Documents/Solar/occulted_flares/data/dat_files,/Users/wheatley/Documents/Solar/occulted_flares/data/,/xrs2011273,nan,nan,list_fixed_fit_high.csv,158.4469361775717,1.94397
11093035,30-Sep-2011 22:07:30.000,30-Sep-2011 22:38:27.000,30-Sep-2011 22:49:08.000,30-Sep-2011 22:49:24.000,1.3468610048294067,0.25317442417144775,C4.9,0.0,B5.3,C1.1,0.0,nan,/Users/wheatley/Documents/Solar/occulted_flares/data/dat_files,/Users/wheatley/Documents/Solar/occulted_flares/data/,/xrs2011273,nan,nan,list_fixed_fit_high.csv,158.4469361775717,3.56943
11101717,17-Oct-2011 14:06:02.000,17-Oct-2011 13:22:24.000,17-Oct-2011 13:23:06.000,17-Oct-2011 13:23:22.000,1.523322582244873,0.1127326637506485,C4.5,0.0,B3.5*,C1.1,0.0,nan,/Users/wheatley/Documents/Solar/occulted_flares/data/dat_files,/Users/wheatley/Documents/Solar/occulted_flares/data/,/xrs2011290,nan,nan,list_fixed_fit_high.csv,152.85179009281606,2.24689
11101717,17-Oct-2011 14:06:02.000,17-Oct-2011 14:17:24.000,17-Oct-2011 14:21:26.000,17-Oct-2011 14:21:42.000,1.3568305969238281,0.23396466672420502,C4.5,0.0,C3.3,C2.3,0.0,nan,/Users/wheatley/Documents/Solar/occulted_flares/data/dat_files,/Users/wheatley/Documents/Solar/occulted_flares/data/,/xrs2011290,nan,nan,list_fixed_fit_high.csv,152.85179009281606,5.952
11110332,03-Nov-2011 11:14:30.000,03-Nov-2011 11:02:05.000,03-Nov-2011 11:09:26.000,03-Nov-2011 11:09:42.000,1.688980221748352,0.574850857257843,M1.3,0.0,C1.7,M2.4,0.0,nan,/Users/wheatley/Documents/Solar/occulted_flares/data/dat_files,/Users/wheatley/Documents/Solar/occulted_flares/data/,/xrs2011307,nan,nan,list_fixed_fit_high.csv,123.89647280952632,12.5439
11110640,06-Nov-2011 00:49:30.000,06-Nov-2011 01:01:57.000,06-Nov-2011 01:09:18.000,06-Nov-2011 01:09:34.000,1.4066596031188965,0.28179019689559937,C5.6,0.0,B3.2,M1.1,0.0,nan,/Users/wheatley/Documents/Solar/occulted_flares/data/dat_files,/Users/wheatley/Documents/Solar/occulted_flares/data/,/xrs2011310,nan,nan,list_fixed_fit_high.csv,117.76569522833788,12.5946
11111536,15-Nov-2011 12:42:02.000,15-Nov-2011 12:38:09.000,15-Nov-2011 12:45:30.000,15-Nov-2011 12:45:46.000,1.3565245866775513,0.4428783357143402,C8.6,0.0,B7.2,M1.8,0.0,nan,/Users/wheatley/Documents/Solar/occulted_flares/data/dat_files,/Users/wheatley/Documents/Solar/occulted_flares/data/,/xrs2011319,nan,nan,list_fixed_fit_high.csv,95.64693941552773,12.4206
11121368,13-Dec-2011 23:56:42.000,13-Dec-2011 23:31:16.000,13-Dec-2011 23:38:37.000,13-Dec-2011 23:38:53.000,1.1630961894989014,0.12275230884552002,C2.1,0.0,C2.5*,C4.6,0.0,nan,/Users/wheatley/Documents/Solar/occulted_flares/data/dat_files,/Users/wheatley/Documents/Solar/occulted_flares/data/,/xrs2011347,nan,nan,list_fixed_fit_high.csv,35.60378037571247,4.21066
11122512,25-Dec-2011 11:24:38.000,25-Dec-2011 11:23:59.000,25-Dec-2011 11:26:21.000,25-Dec-2011 11:26:37.000,1.2271233797073364,0.18369963765144348,C3.3,0.0,C1.2,C8.5,0.0,nan,/Users/wheatley/Documents/Solar/occulted_flares/data/dat_files,/Users/wheatley/Documents/Solar/occulted_flares/data/,/xrs2011359,nan,nan,list_fixed_fit_high.csv,79.49207407488659,2.91645
11122524,25-Dec-2011 18:18:22.000,25-Dec-2011 18:13:35.000,25-Dec-2011 18:15:57.000,25-Dec-2011 18:16:13.000,1.5865402221679688,0.5508370399475098,M1.2,0.0,C1.1*,M3.7,0.0,nan,/Users/wheatley/Documents/Solar/occulted_flares/data/dat_files,/Users/wheatley/Documents/Solar/occulted_flares/data/,/xrs2011359,nan,nan,list_fixed_fit_high.csv,79.49207407488659,12.3981
11122525,25-Dec-2011 20:27:54.000,25-Dec-2011 20:23:35.000,25-Dec-2011 20:30:57.000,25-Dec-2011 20:31:13.000,1.1493890285491943,0.1379377394914627,C2.4,0.0,C4.9,C5.8,0.0,nan,/Users/wheatley/Documents/Solar/occulted_flares/data/dat_files,/Users/wheatley/Documents/Solar/occulted_flares/data/,/xrs2011359,nan,nan,list_fixed_fit_high.csv,79.49207407488659,3.4147
11122643,26-Dec-2011 20:18:02.000,26-Dec-2011 20:13:02.000,26-Dec-2011 20:20:24.000,26-Dec-2011 20:20:40.000,1.4716897010803223,0.5200287103652954,M1.1,0.0,,M2.0,0.0,nan,/Users/wheatley/Documents/Solar/occulted_flares/data/dat_files,/Users/wheatley/Documents/Solar/occulted_flares/data/,/xrs2011360,nan,nan,list_fixed_fit_high.csv,82.37631825797726,25.9635
11122744,27-Dec-2011 18:35:54.000,27-Dec-2011 19:22:13.000,27-Dec-2011 19:29:34.000,27-Dec-2011 19:29:50.000,1.3179060220718384,0.40036460757255554,C7.6,0.0,,C1.3,0.0,nan,/Users/wheatley/Documents/Solar/occulted_flares/data/dat_files,/Users/wheatley/Documents/Solar/occulted_flares/data/,/xrs2011361,nan,nan,list_fixed_fit_high.csv,85.15875687812772,4.76542
11123058,30-Dec-2011 19:46:38.000,30-Dec-2011 20:20:13.000,30-Dec-2011 20:22:34.000,30-Dec-2011 20:22:50.000,1.2131898403167725,0.11724751442670822,C2.1,0.0,,C4.3,0.0,nan,/Users/wheatley/Documents/Solar/occulted_flares/data/dat_files,/Users/wheatley/Documents/Solar/occulted_flares/data/,/xrs2011364,nan,nan,list_fixed_fit_high.csv,92.95245701238207,2.21755
11123041,30-Dec-2011 21:08:38.000,30-Dec-2011 20:20:13.000,30-Dec-2011 20:22:34.000,30-Dec-2011 20:22:50.000,1.2131898403167725,0.11724751442670822,C2.1,0.0,C1.5,C4.3,0.0,nan,/Users/wheatley/Documents/Solar/occulted_flares/data/dat_files,/Users/wheatley/Documents/Solar/occulted_flares/data/,/xrs2011364,nan,nan,list_fixed_fit_high.csv,92.95245701238207,2.21755
12011110,11-Jan-2012 04:52:58.000,11-Jan-2012 04:44:15.000,11-Jan-2012 04:46:36.000,11-Jan-2012 04:46:52.000,1.2747217416763306,0.08064226061105728,C1.5,0.0,B9.5,C3.8,0.0,nan,/Users/wheatley/Documents/Solar/occulted_flares/data/dat_files,/Users/wheatley/Documents/Solar/occulted_flares/data/,/xrs2012011,nan,nan,list_fixed_fit_high.csv,118.34010108667877,1.46496
12011632,16-Jan-2012 10:36:22.000,16-Jan-2012 10:24:04.000,16-Jan-2012 10:26:25.000,16-Jan-2012 10:26:41.000,1.3915741443634033,0.08211403340101242,C1.6,0.0,B1.1,C1.6,0.0,nan,/Users/wheatley/Documents/Solar/occulted_flares/data/dat_files,/Users/wheatley/Documents/Solar/occulted_flares/data/,/xrs2012016,nan,nan,list_fixed_fit_high.csv,127.39546314524638,4.3274
12031302,13-Mar-2012 00:35:18.000,13-Mar-2012 00:35:27.000,13-Mar-2012 00:37:48.000,13-Mar-2012 00:38:04.000,1.2404863834381104,0.08098417520523071,C1.5,0.0,,C4.0,0.0,nan,/Users/wheatley/Documents/Solar/occulted_flares/data/dat_files,/Users/wheatley/Documents/Solar/occulted_flares/data/,/xrs2012073,nan,nan,list_fixed_fit_high.csv,38.04676804659359,3.49879
12032316,23-Mar-2012 16:38:14.000,23-Mar-2012 16:36:26.000,23-Mar-2012 16:38:48.000,23-Mar-2012 16:39:04.000,1.439204454421997,0.11419486254453659,C2.3,0.0,B3.3,C6.2,0.0,nan,/Users/wheatley/Documents/Solar/occulted_flares/data/dat_files,/Users/wheatley/Documents/Solar/occulted_flares/data/,/xrs2012083,nan,nan,list_fixed_fit_high.csv,10.0942439680485,6.92411
12032335,23-Mar-2012 16:44:58.000,23-Mar-2012 16:36:26.000,23-Mar-2012 16:38:48.000,23-Mar-2012 16:39:04.000,1.439204454421997,0.11419486254453659,C2.3,0.0,B5.1,C6.2,0.0,nan,/Users/wheatley/Documents/Solar/occulted_flares/data/dat_files,/Users/wheatley/Documents/Solar/occulted_flares/data/,/xrs2012083,nan,nan,list_fixed_fit_high.csv,10.0942439680485,6.92411
12032319,23-Mar-2012 18:51:38.000,23-Mar-2012 19:36:26.000,23-Mar-2012 19:38:48.000,23-Mar-2012 19:39:04.000,1.5903096199035645,0.11967691034078598,C2.6,0.0,C1.6,C4.5,0.0,nan,/Users/wheatley/Documents/Solar/occulted_flares/data/dat_files,/Users/wheatley/Documents/Solar/occulted_flares/data/,/xrs2012083,nan,nan,list_fixed_fit_high.csv,10.0942439680485,10.8838
12032321,23-Mar-2012 19:47:14.000,23-Mar-2012 19:36:26.000,23-Mar-2012 19:38:48.000,23-Mar-2012 19:39:04.000,1.5903096199035645,0.11967691034078598,C2.6,0.0,B4.1,C4.5,0.0,nan,/Users/wheatley/Documents/Solar/occulted_flares/data/dat_files,/Users/wheatley/Documents/Solar/occulted_flares/data/,/xrs2012083,nan,nan,list_fixed_fit_high.csv,10.0942439680485,10.8838
12042719,27-Apr-2012 08:22:18.000,27-Apr-2012 08:20:23.000,27-Apr-2012 08:21:54.000,27-Apr-2012 08:22:10.000,1.4577932357788086,0.18063272535800934,C3.7,0.0,B2.2,C9.0,0.0,nan,/Users/wheatley/Documents/Solar/occulted_flares/data/dat_files,/Users/wheatley/Documents/Solar/occulted_flares/data/,/xrs2012118,nan,nan,list_fixed_fit_high.csv,66.36426818825515,2.19414
120507104,07-May-2012 14:26:30.000,07-May-2012 14:10:54.000,07-May-2012 14:22:26.000,07-May-2012 14:22:42.000,1.4824975728988647,0.3455549478530884,C7.1,0.0,C1.0,M1.5,0.0,nan,/Users/wheatley/Documents/Solar/occulted_flares/data/dat_files,/Users/wheatley/Documents/Solar/occulted_flares/data/,/xrs2012128,nan,nan,list_fixed_fit_high.csv,88.38437998898156,9.60897
12051307,13-May-2012 04:05:58.000,13-May-2012 04:04:01.000,13-May-2012 04:07:38.000,13-May-2012 04:07:54.000,1.3899917602539062,0.07288413494825363,C1.4,0.0,C2.2,C4.4,0.0,nan,/Users/wheatley/Documents/Solar/occulted_flares/data/dat_files,/Users/wheatley/Documents/Solar/occulted_flares/data/,/xrs2012134,nan,nan,list_fixed_fit_high.csv,105.82127796723009,3.81187
12052537,25-May-2012 22:09:30.000,25-May-2012 22:23:06.000,25-May-2012 22:34:37.000,25-May-2012 22:34:53.000,1.5119558572769165,0.2512727975845337,C5.2,0.0,C1.1*,B5.9,0.0,nan,/Users/wheatley/Documents/Solar/occulted_flares/data/dat_files,/Users/wheatley/Documents/Solar/occulted_flares/data/,/xrs2012146,nan,nan,list_fixed_fit_high.csv,154.9642817738605,27.6501
12062521,25-Jun-2012 18:33:34.000,25-Jun-2012 18:15:09.000,25-Jun-2012 18:26:16.000,25-Jun-2012 18:26:32.000,1.3043304681777954,0.1909969002008438,C3.6,0.0,C1.3*,B2.8,0.0,nan,/Users/wheatley/Documents/Solar/occulted_flares/data/dat_files,/Users/wheatley/Documents/Solar/occulted_flares/data/,/xrs2012177,nan,nan,list_fixed_fit_high.csv,80.23108162549362,3.87278
12062512,25-Jun-2012 19:02:30.000,25-Jun-2012 18:15:09.000,25-Jun-2012 18:26:16.000,25-Jun-2012 18:26:32.000,1.3043304681777954,0.1909969002008438,C3.6,0.0,,B2.8,0.0,nan,/Users/wheatley/Documents/Solar/occulted_flares/data/dat_files,/Users/wheatley/Documents/Solar/occulted_flares/data/,/xrs2012177,nan,nan,list_fixed_fit_high.csv,80.23108162549362,3.87278
12062905,29-Jun-2012 01:24:14.000,29-Jun-2012 01:18:01.000,29-Jun-2012 01:21:38.000,29-Jun-2012 01:21:54.000,1.6164642572402954,0.04773096740245819,C1.0,0.0,C1.4,B7.7,0.0,nan,/Users/wheatley/Documents/Solar/occulted_flares/data/dat_files,/Users/wheatley/Documents/Solar/occulted_flares/data/,/xrs2012181,nan,nan,list_fixed_fit_high.csv,71.90047885531068,3.86651
12062966,29-Jun-2012 04:14:06.000,29-Jun-2012 04:10:31.000,29-Jun-2012 04:14:08.000,29-Jun-2012 04:14:24.000,1.3936139345169067,0.05121193826198578,C1.0,0.0,C1.2,C5.2,0.0,nan,/Users/wheatley/Documents/Solar/occulted_flares/data/dat_files,/Users/wheatley/Documents/Solar/occulted_flares/data/,/xrs2012181,nan,nan,list_fixed_fit_high.csv,71.90047885531068,3.10238
12062922,29-Jun-2012 07:02:58.000,29-Jun-2012 06:44:41.000,29-Jun-2012 06:46:13.000,29-Jun-2012 06:46:29.000,1.2919317483901978,0.09896725416183472,C1.9,0.0,C1.5,C3.6,0.0,nan,/Users/wheatley/Documents/Solar/occulted_flares/data/dat_files,/Users/wheatley/Documents/Solar/occulted_flares/data/,/xrs2012181,nan,nan,list_fixed_fit_high.csv,71.90047885531068,2.8837
12070139,01-Jul-2012 15:19:18.000,01-Jul-2012 15:43:07.000,01-Jul-2012 15:49:18.000,01-Jul-2012 15:49:34.000,1.196618914604187,0.1700126677751541,C3.0,0.0,B4.5*,C6.5,0.0,nan,/Users/wheatley/Documents/Solar/occulted_flares/data/dat_files,/Users/wheatley/Documents/Solar/occulted_flares/data/,/xrs2012183,nan,nan,list_fixed_fit_high.csv,68.05027143791428,3.63917
12070141,01-Jul-2012 16:07:22.000,01-Jul-2012 15:43:07.000,01-Jul-2012 15:49:18.000,01-Jul-2012 15:49:34.000,1.196618914604187,0.1700126677751541,C3.0,0.0,B6.9,C6.5,0.0,nan,/Users/wheatley/Documents/Solar/occulted_flares/data/dat_files,/Users/wheatley/Documents/Solar/occulted_flares/data/,/xrs2012183,nan,nan,list_fixed_fit_high.csv,68.05027143791428,3.63917
12070143,01-Jul-2012 16:41:30.000,01-Jul-2012 15:43:07.000,01-Jul-2012 15:49:18.000,01-Jul-2012 15:49:34.000,1.196618914604187,0.1700126677751541,C3.0,0.0,C2.6,C6.5,0.0,nan,/Users/wheatley/Documents/Solar/occulted_flares/data/dat_files,/Users/wheatley/Documents/Solar/occulted_flares/data/,/xrs2012183,nan,nan,list_fixed_fit_high.csv,68.05027143791428,3.63917
12070152,01-Jul-2012 19:18:34.000,01-Jul-2012 19:11:07.000,01-Jul-2012 19:14:43.000,01-Jul-2012 19:14:59.000,1.709333062171936,0.25930532813072205,C5.8,0.0,B6.7,C3.0,0.0,nan,/Users/wheatley/Documents/Solar/occulted_flares/data/dat_files,/Users/wheatley/Documents/Solar/occulted_flares/data/,/xrs2012183,nan,nan,list_fixed_fit_high.csv,68.05027143791428,11.478
12070832,08-Jul-2012 12:09:50.000,08-Jul-2012 12:53:45.000,08-Jul-2012 13:04:52.000,08-Jul-2012 13:05:08.000,1.2567274570465088,0.14877942204475403,C2.7,0.0,,C6.0,0.0,nan,/Users/wheatley/Documents/Solar/occulted_flares/data/dat_files,/Users/wheatley/Documents/Solar/occulted_flares/data/,/xrs2012190,nan,nan,list_fixed_fit_high.csv,55.66818403106506,12.3607
12070834,08-Jul-2012 12:57:18.000,08-Jul-2012 12:53:45.000,08-Jul-2012 13:04:52.000,08-Jul-2012 13:05:08.000,1.2567274570465088,0.14877942204475403,C2.7,0.0,,C6.0,0.0,nan,/Users/wheatley/Documents/Solar/occulted_flares/data/dat_files,/Users/wheatley/Documents/Solar/occulted_flares/data/,/xrs2012190,nan,nan,list_fixed_fit_high.csv,55.66818403106506,12.3607
12070851,08-Jul-2012 17:32:30.000,08-Jul-2012 17:31:35.000,08-Jul-2012 17:35:12.000,08-Jul-2012 17:35:28.000,1.2493500709533691,0.11025452613830566,C2.0,0.0,,C8.8,0.0,nan,/Users/wheatley/Documents/Solar/occulted_flares/data/dat_files,/Users/wheatley/Documents/Solar/occulted_flares/data/,/xrs2012190,nan,nan,list_fixed_fit_high.csv,55.66818403106506,1.81117
12070855,08-Jul-2012 18:31:14.000,08-Jul-2012 17:31:35.000,08-Jul-2012 17:35:12.000,08-Jul-2012 17:35:28.000,1.2493500709533691,0.11025452613830566,C2.0,0.0,C4.7,C8.8,0.0,nan,/Users/wheatley/Documents/Solar/occulted_flares/data/dat_files,/Users/wheatley/Documents/Solar/occulted_flares/data/,/xrs2012190,nan,nan,list_fixed_fit_high.csv,55.66818403106506,1.81117
12070965,09-Jul-2012 22:09:26.000,09-Jul-2012 23:04:25.000,09-Jul-2012 23:09:16.000,09-Jul-2012 23:09:32.000,1.4336814880371094,0.1784595102071762,C3.6,0.0,,C8.2,0.0,nan,/Users/wheatley/Documents/Solar/occulted_flares/data/dat_files,/Users/wheatley/Documents/Solar/occulted_flares/data/,/xrs2012191,nan,nan,list_fixed_fit_high.csv,53.99086605994832,5.16772
12070993,09-Jul-2012 23:34:42.000,09-Jul-2012 23:04:25.000,09-Jul-2012 23:09:16.000,09-Jul-2012 23:09:32.000,1.4336814880371094,0.1784595102071762,C3.6,0.0,,C8.2,0.0,nan,/Users/wheatley/Documents/Solar/occulted_flares/data/dat_files,/Users/wheatley/Documents/Solar/occulted_flares/data/,/xrs2012191,nan,nan,list_fixed_fit_high.csv,53.99086605994832,5.16772
12071011,10-Jul-2012 04:39:10.000,10-Jul-2012 04:32:24.000,10-Jul-2012 04:40:36.000,10-Jul-2012 04:40:52.000,1.3757238388061523,0.15423350036144257,C8.8,0.0,,C7.0,0.0,nan,/Users/wheatley/Documents/Solar/occulted_flares/data/dat_files,/Users/wheatley/Documents/Solar/occulted_flares/data/,/xrs2012192,nan,nan,list_fixed_fit_high.csv,52.32677908440818,3.62222
12071011,10-Jul-2012 04:39:10.000,10-Jul-2012 04:59:04.000,10-Jul-2012 05:07:16.000,10-Jul-2012 05:07:32.000,1.5237456560134888,0.42159199714660645,C8.8,0.0,,M1.5,0.0,nan,/Users/wheatley/Documents/Solar/occulted_flares/data/dat_files,/Users/wheatley/Documents/Solar/occulted_flares/data/,/xrs2012192,nan,nan,list_fixed_fit_high.csv,52.32677908440818,22.6846
12071013,10-Jul-2012 06:24:46.000,10-Jul-2012 06:12:24.000,10-Jul-2012 06:23:56.000,10-Jul-2012 06:24:12.000,1.5227508544921875,0.4400708079338074,C9.1,0.0,C1.7,M1.8,0.0,nan,/Users/wheatley/Documents/Solar/occulted_flares/data/dat_files,/Users/wheatley/Documents/Solar/occulted_flares/data/,/xrs2012192,nan,nan,list_fixed_fit_high.csv,52.32677908440818,19.9313
12071023,10-Jul-2012 12:24:02.000,10-Jul-2012 12:19:04.000,10-Jul-2012 12:23:56.000,10-Jul-2012 12:24:12.000,1.455165147781372,0.09549760818481445,C1.8,0.0,C9.4,C5.5,0.0,nan,/Users/wheatley/Documents/Solar/occulted_flares/data/dat_files,/Users/wheatley/Documents/Solar/occulted_flares/data/,/xrs2012192,nan,nan,list_fixed_fit_high.csv,52.32677908440818,3.64308
12071023,10-Jul-2012 12:24:02.000,10-Jul-2012 12:39:04.000,10-Jul-2012 12:43:56.000,10-Jul-2012 12:44:12.000,1.278247594833374,0.09791237115859985,C1.8,0.0,C7.0,C4.6,0.0,nan,/Users/wheatley/Documents/Solar/occulted_flares/data/dat_files,/Users/wheatley/Documents/Solar/occulted_flares/data/,/xrs2012192,nan,nan,list_fixed_fit_high.csv,52.32677908440818,2.82747
12071027,10-Jul-2012 13:31:46.000,10-Jul-2012 12:39:04.000,10-Jul-2012 12:43:56.000,10-Jul-2012 12:44:12.000,1.278247594833374,0.09791237115859985,C3.7,0.0,,C4.6,0.0,nan,/Users/wheatley/Documents/Solar/occulted_flares/data/dat_files,/Users/wheatley/Documents/Solar/occulted_flares/data/,/xrs2012192,nan,nan,list_fixed_fit_high.csv,52.32677908440818,2.82747
12071027,10-Jul-2012 13:31:46.000,10-Jul-2012 13:42:24.000,10-Jul-2012 13:43:56.000,10-Jul-2012 13:44:12.000,1.4069825410842896,0.187618225812912,C3.7,0.0,,C7.7,0.0,nan,/Users/wheatley/Documents/Solar/occulted_flares/data/dat_files,/Users/wheatley/Documents/Solar/occulted_flares/data/,/xrs2012192,nan,nan,list_fixed_fit_high.csv,52.32677908440818,5.88834
12071065,10-Jul-2012 13:43:38.000,10-Jul-2012 13:42:24.000,10-Jul-2012 13:43:56.000,10-Jul-2012 13:44:12.000,1.4069825410842896,0.187618225812912,C3.7,0.0,,C7.7,0.0,nan,/Users/wheatley/Documents/Solar/occulted_flares/data/dat_files,/Users/wheatley/Documents/Solar/occulted_flares/data/,/xrs2012192,nan,nan,list_fixed_fit_high.csv,52.32677908440818,5.88834
12071031,10-Jul-2012 15:30:58.000,10-Jul-2012 15:42:24.000,10-Jul-2012 15:47:16.000,10-Jul-2012 15:47:32.000,1.3086724281311035,0.09292082488536835,C1.8,0.0,B7.9,C4.7,0.0,nan,/Users/wheatley/Documents/Solar/occulted_flares/data/dat_files,/Users/wheatley/Documents/Solar/occulted_flares/data/,/xrs2012192,nan,nan,list_fixed_fit_high.csv,52.32677908440818,2.22169
12071068,10-Jul-2012 15:44:26.000,10-Jul-2012 15:42:24.000,10-Jul-2012 15:47:16.000,10-Jul-2012 15:47:32.000,1.3086724281311035,0.09292082488536835,C1.8,0.0,M2.2,C4.7,0.0,nan,/Users/wheatley/Documents/Solar/occulted_flares/data/dat_files,/Users/wheatley/Documents/Solar/occulted_flares/data/,/xrs2012192,nan,nan,list_fixed_fit_high.csv,52.32677908440818,2.22169
12071673,16-Jul-2012 19:44:46.000,16-Jul-2012 19:39:19.000,16-Jul-2012 19:50:51.000,16-Jul-2012 19:51:07.000,1.2645684480667114,0.15023334324359894,C2.8,0.0,,C5.7,0.0,nan,/Users/wheatley/Documents/Solar/occulted_flares/data/dat_files,/Users/wheatley/Documents/Solar/occulted_flares/data/,/xrs2012198,nan,nan,list_fixed_fit_high.csv,42.45972199710355,5.82795
12071768,17-Jul-2012 14:44:54.000,17-Jul-2012 15:18:00.000,17-Jul-2012 15:29:31.000,17-Jul-2012 15:29:47.000,1.0748820304870605,0.24834628403186798,C4.0,0.0,C2.7,C8.6,0.0,nan,/Users/wheatley/Documents/Solar/occulted_flares/data/dat_files,/Users/wheatley/Documents/Solar/occulted_flares/data/,/xrs2012199,nan,nan,list_fixed_fit_high.csv,40.80992347996491,1.31277
12071728,17-Jul-2012 15:56:42.000,17-Jul-2012 15:18:00.000,17-Jul-2012 15:29:31.000,17-Jul-2012 15:29:47.000,1.0748820304870605,0.24834628403186798,C6.4,0.0,X2.2,C8.6,0.0,nan,/Users/wheatley/Documents/Solar/occulted_flares/data/dat_files,/Users/wheatley/Documents/Solar/occulted_flares/data/,/xrs2012199,nan,nan,list_fixed_fit_high.csv,40.80992347996491,1.31277
12071728,17-Jul-2012 15:56:42.000,17-Jul-2012 15:53:20.000,17-Jul-2012 15:58:11.000,17-Jul-2012 15:58:27.000,1.0674281120300293,0.2797585427761078,C6.4,0.0,,C9.9,0.0,nan,/Users/wheatley/Documents/Solar/occulted_flares/data/dat_files,/Users/wheatley/Documents/Solar/occulted_flares/data/,/xrs2012199,nan,nan,list_fixed_fit_high.csv,40.80992347996491,2.55844
12071728,17-Jul-2012 15:56:42.000,17-Jul-2012 16:33:20.000,17-Jul-2012 16:48:11.000,17-Jul-2012 16:48:27.000,1.169991135597229,0.369098424911499,C6.4,0.0,C6.6*,M1.4,0.0,nan,/Users/wheatley/Documents/Solar/occulted_flares/data/dat_files,/Users/wheatley/Documents/Solar/occulted_flares/data/,/xrs2012199,nan,nan,list_fixed_fit_high.csv,40.80992347996491,3.51377
12071771,17-Jul-2012 16:12:38.000,17-Jul-2012 15:18:00.000,17-Jul-2012 15:29:31.000,17-Jul-2012 15:29:47.000,1.0748820304870605,0.24834628403186798,C6.4,0.0,C6.6*,C8.6,0.0,nan,/Users/wheatley/Documents/Solar/occulted_flares/data/dat_files,/Users/wheatley/Documents/Solar/occulted_flares/data/,/xrs2012199,nan,nan,list_fixed_fit_high.csv,40.80992347996491,1.31277
12071771,17-Jul-2012 16:12:38.000,17-Jul-2012 15:53:20.000,17-Jul-2012 15:58:11.000,17-Jul-2012 15:58:27.000,1.0674281120300293,0.2797585427761078,C6.4,0.0,M1.1,C9.9,0.0,nan,/Users/wheatley/Documents/Solar/occulted_flares/data/dat_files,/Users/wheatley/Documents/Solar/occulted_flares/data/,/xrs2012199,nan,nan,list_fixed_fit_high.csv,40.80992347996491,2.55844
12071771,17-Jul-2012 16:12:38.000,17-Jul-2012 16:33:20.000,17-Jul-2012 16:48:11.000,17-Jul-2012 16:48:27.000,1.169991135597229,0.369098424911499,C6.4,0.0,,M1.4,0.0,nan,/Users/wheatley/Documents/Solar/occulted_flares/data/dat_files,/Users/wheatley/Documents/Solar/occulted_flares/data/,/xrs2012199,nan,nan,list_fixed_fit_high.csv,40.80992347996491,3.51377
12071911,19-Jul-2012 05:29:30.000,19-Jul-2012 05:10:01.000,19-Jul-2012 05:21:33.000,19-Jul-2012 05:21:49.000,1.829171061515808,0.19716580212116241,C4.6,0.0,,M2.2,0.0,nan,/Users/wheatley/Documents/Solar/occulted_flares/data/dat_files,/Users/wheatley/Documents/Solar/occulted_flares/data/,/xrs2012201,nan,nan,list_fixed_fit_high.csv,37.48439536699969,4.50516
12072411,24-Jul-2012 18:58:58.000,24-Jul-2012 19:00:08.000,24-Jul-2012 19:04:59.000,24-Jul-2012 19:05:15.000,1.2467366456985474,0.11599801480770111,C2.1,0.0,M1.6,C4.3,0.0,nan,/Users/wheatley/Documents/Solar/occulted_flares/data/dat_files,/Users/wheatley/Documents/Solar/occulted_flares/data/,/xrs2012206,nan,nan,list_fixed_fit_high.csv,28.94676661957799,3.04287
12072748,27-Jul-2012 16:51:18.000,27-Jul-2012 17:17:33.000,27-Jul-2012 17:25:45.000,27-Jul-2012 17:26:01.000,1.5495017766952515,0.6932277083396912,M1.5,0.0,,M2.8,0.0,nan,/Users/wheatley/Documents/Solar/occulted_flares/data/dat_files,/Users/wheatley/Documents/Solar/occulted_flares/data/,/xrs2012209,nan,nan,list_fixed_fit_high.csv,23.681966426611336,10.5523
12072831,28-Jul-2012 21:03:50.000,28-Jul-2012 20:47:35.000,28-Jul-2012 20:52:27.000,28-Jul-2012 20:52:43.000,1.77115797996521,0.8768524527549744,M2.0,0.0,,M3.6,0.0,nan,/Users/wheatley/Documents/Solar/occulted_flares/data/dat_files,/Users/wheatley/Documents/Solar/occulted_flares/data/,/xrs2012210,nan,nan,list_fixed_fit_high.csv,21.930481161876354,11.6046
12072918,29-Jul-2012 06:37:42.000,29-Jul-2012 06:18:11.000,29-Jul-2012 06:23:03.000,29-Jul-2012 06:23:19.000,1.4604045152664185,0.5959365367889404,M1.2,0.0,,M2.3,0.0,nan,/Users/wheatley/Documents/Solar/occulted_flares/data/dat_files,/Users/wheatley/Documents/Solar/occulted_flares/data/,/xrs2012211,nan,nan,list_fixed_fit_high.csv,20.203045509801868,8.79299
12073020,30-Jul-2012 05:30:02.000,30-Jul-2012 06:08:13.000,30-Jul-2012 06:09:45.000,30-Jul-2012 06:10:01.000,1.332182765007019,0.06938488036394119,C1.3,0.0,,C3.3,0.0,nan,/Users/wheatley/Documents/Solar/occulted_flares/data/dat_files,/Users/wheatley/Documents/Solar/occulted_flares/data/,/xrs2012212,nan,nan,list_fixed_fit_high.csv,18.524467851516754,2.83948
12073018,30-Jul-2012 05:46:46.000,30-Jul-2012 06:08:13.000,30-Jul-2012 06:09:45.000,30-Jul-2012 06:10:01.000,1.332182765007019,0.06938488036394119,C1.3,0.0,,C3.3,0.0,nan,/Users/wheatley/Documents/Solar/occulted_flares/data/dat_files,/Users/wheatley/Documents/Solar/occulted_flares/data/,/xrs2012212,nan,nan,list_fixed_fit_high.csv,18.524467851516754,2.83948
12073022,30-Jul-2012 06:30:10.000,30-Jul-2012 06:08:13.000,30-Jul-2012 06:09:45.000,30-Jul-2012 06:10:01.000,1.332182765007019,0.06938488036394119,C1.3,0.0,,C3.3,0.0,nan,/Users/wheatley/Documents/Solar/occulted_flares/data/dat_files,/Users/wheatley/Documents/Solar/occulted_flares/data/,/xrs2012212,nan,nan,list_fixed_fit_high.csv,18.524467851516754,2.83948
12073140,31-Jul-2012 13:37:50.000,31-Jul-2012 14:21:36.000,31-Jul-2012 14:23:07.000,31-Jul-2012 14:23:23.000,1.3338359594345093,0.10257784277200699,C2.0,0.0,,C4.7,0.0,nan,/Users/wheatley/Documents/Solar/occulted_flares/data/dat_files,/Users/wheatley/Documents/Solar/occulted_flares/data/,/xrs2012213,nan,nan,list_fixed_fit_high.csv,16.9325127945844,3.52851
12080932,09-Aug-2012 11:02:26.000,09-Aug-2012 11:43:20.000,09-Aug-2012 11:44:52.000,09-Aug-2012 11:45:08.000,1.2334953546524048,0.18327176570892334,C3.3,0.0,,C7.5,0.0,nan,/Users/wheatley/Documents/Solar/occulted_flares/data/dat_files,/Users/wheatley/Documents/Solar/occulted_flares/data/,/xrs2012222,nan,nan,list_fixed_fit_high.csv,19.18838425169976,2.16674
12080935,09-Aug-2012 11:44:50.000,09-Aug-2012 11:43:20.000,09-Aug-2012 11:44:52.000,09-Aug-2012 11:45:08.000,1.2334953546524048,0.18327176570892334,C3.3,0.0,,C7.5,0.0,nan,/Users/wheatley/Documents/Solar/occulted_flares/data/dat_files,/Users/wheatley/Documents/Solar/occulted_flares/data/,/xrs2012222,nan,nan,list_fixed_fit_high.csv,19.18838425169976,2.16674
12081011,10-Aug-2012 04:13:50.000,10-Aug-2012 04:13:23.000,10-Aug-2012 04:14:55.000,10-Aug-2012 04:15:11.000,1.3782215118408203,0.08926078677177429,C1.7,0.0,,C4.0,0.0,nan,/Users/wheatley/Documents/Solar/occulted_flares/data/dat_files,/Users/wheatley/Documents/Solar/occulted_flares/data/,/xrs2012223,nan,nan,list_fixed_fit_high.csv,21.819017489797485,2.53852
12081051,10-Aug-2012 04:21:46.000,10-Aug-2012 04:13:23.000,10-Aug-2012 04:14:55.000,10-Aug-2012 04:15:11.000,1.3782215118408203,0.08926078677177429,C1.7,0.0,M6.6*,C4.0,0.0,nan,/Users/wheatley/Documents/Solar/occulted_flares/data/dat_files,/Users/wheatley/Documents/Solar/occulted_flares/data/,/xrs2012223,nan,nan,list_fixed_fit_high.csv,21.819017489797485,2.53852
12081106,11-Aug-2012 12:15:38.000,11-Aug-2012 12:07:26.000,11-Aug-2012 12:18:58.000,11-Aug-2012 12:19:14.000,1.081304907798767,0.29908910393714905,C4.9,0.0,M6.6*,M1.0,0.0,nan,/Users/wheatley/Documents/Solar/occulted_flares/data/dat_files,/Users/wheatley/Documents/Solar/occulted_flares/data/,/xrs2012224,nan,nan,list_fixed_fit_high.csv,24.757530031935147,3.15194
12081918,19-Aug-2012 04:34:02.000,19-Aug-2012 04:36:26.000,19-Aug-2012 04:41:17.000,19-Aug-2012 04:41:33.000,1.3217105865478516,0.32645517587661743,C6.2,0.0,,C1.2,0.0,nan,/Users/wheatley/Documents/Solar/occulted_flares/data/dat_files,/Users/wheatley/Documents/Solar/occulted_flares/data/,/xrs2012232,nan,nan,list_fixed_fit_high.csv,56.38567394011217,12.1057
12090162,01-Sep-2012 17:36:38.000,01-Sep-2012 18:27:06.000,01-Sep-2012 18:28:37.000,01-Sep-2012 18:28:53.000,1.303905725479126,0.045844193547964096,B8.6,0.0,,C3.0,0.0,nan,/Users/wheatley/Documents/Solar/occulted_flares/data/dat_files,/Users/wheatley/Documents/Solar/occulted_flares/data/,/xrs2012245,nan,nan,list_fixed_fit_high.csv,121.3220735922699,3.52592
12090163,01-Sep-2012 18:58:14.000,01-Sep-2012 18:27:06.000,01-Sep-2012 18:28:37.000,01-Sep-2012 18:28:53.000,1.303905725479126,0.045844193547964096,B8.6,0.0,M1.0,C3.0,0.0,nan,/Users/wheatley/Documents/Solar/occulted_flares/data/dat_files,/Users/wheatley/Documents/Solar/occulted_flares/data/,/xrs2012245,nan,nan,list_fixed_fit_high.csv,121.3220735922699,3.52592
12090164,01-Sep-2012 19:19:58.000,01-Sep-2012 18:27:06.000,01-Sep-2012 18:28:37.000,01-Sep-2012 18:28:53.000,1.303905725479126,0.045844193547964096,B8.6,0.0,C5.0,C3.0,0.0,nan,/Users/wheatley/Documents/Solar/occulted_flares/data/dat_files,/Users/wheatley/Documents/Solar/occulted_flares/data/,/xrs2012245,nan,nan,list_fixed_fit_high.csv,121.3220735922699,3.52592
12090625,06-Sep-2012 15:20:02.000,06-Sep-2012 15:18:54.000,06-Sep-2012 15:23:45.000,06-Sep-2012 15:24:01.000,1.36699378490448,0.0541812963783741,C1.1,0.0,C5.5,C7.0,0.0,nan,/Users/wheatley/Documents/Solar/occulted_flares/data/dat_files,/Users/wheatley/Documents/Solar/occulted_flares/data/,/xrs2012250,nan,nan,list_fixed_fit_high.csv,142.09079158014927,5.64802
12090638,06-Sep-2012 23:42:50.000,07-Sep-2012 00:42:11.000,07-Sep-2012 17:32:11.000,07-Sep-2012 17:32:11.000,0.27,0.0,,0.0,,      -1,0.0,nan,/Users/wheatley/Documents/Solar/occulted_flares/data/dat_files,/Users/wheatley/Documents/Solar/occulted_flares/data/,/xrs2012250,nan,nan,list_fixed_fit_high.csv,145.65442623781772,nan
12090720,07-Sep-2012 17:09:14.000,07-Sep-2012 17:32:11.000,07-Sep-2012 17:40:22.000,07-Sep-2012 17:40:38.000,1.2746186256408691,0.12195955961942673,C2.3,0.0,,B6.3,0.0,nan,/Users/wheatley/Documents/Solar/occulted_flares/data/dat_files,/Users/wheatley/Documents/Solar/occulted_flares/data/,/xrs2012251,nan,nan,list_fixed_fit_high.csv,145.65442623781772,6.18516
12091251,12-Sep-2012 05:45:46.000,12-Sep-2012 06:10:07.000,12-Sep-2012 06:14:58.000,12-Sep-2012 06:15:14.000,1.422725796699524,0.29656359553337097,C5.9,0.0,,B5.0,0.0,nan,/Users/wheatley/Documents/Solar/occulted_flares/data/dat_files,/Users/wheatley/Documents/Solar/occulted_flares/data/,/xrs2012256,nan,nan,list_fixed_fit_high.csv,159.79363818421476,10.4556
12091224,12-Sep-2012 10:21:38.000,12-Sep-2012 11:10:07.000,12-Sep-2012 11:20:56.000,12-Sep-2012 11:21:12.000,1.6618163585662842,0.9403415322303772,M2.1,0.0,C2.6,B7.7,0.0,nan,/Users/wheatley/Documents/Solar/occulted_flares/data/dat_files,/Users/wheatley/Documents/Solar/occulted_flares/data/,/xrs2012256,nan,nan,list_fixed_fit_high.csv,159.79363818421476,15.9059
12091225,12-Sep-2012 11:26:30.000,12-Sep-2012 11:10:07.000,12-Sep-2012 11:20:56.000,12-Sep-2012 11:21:12.000,1.6618163585662842,0.9403415322303772,M2.1,0.0,,B7.7,0.0,nan,/Users/wheatley/Documents/Solar/occulted_flares/data/dat_files,/Users/wheatley/Documents/Solar/occulted_flares/data/,/xrs2012256,nan,nan,list_fixed_fit_high.csv,159.79363818421476,15.9059
12091227,12-Sep-2012 11:41:54.000,12-Sep-2012 11:10:07.000,12-Sep-2012 11:20:56.000,12-Sep-2012 11:21:12.000,1.6618163585662842,0.9403415322303772,M2.1,0.0,,B7.7,0.0,nan,/Users/wheatley/Documents/Solar/occulted_flares/data/dat_files,/Users/wheatley/Documents/Solar/occulted_flares/data/,/xrs2012256,nan,nan,list_fixed_fit_high.csv,159.79363818421476,15.9059
12091702,17-Sep-2012 06:19:54.000,17-Sep-2012 06:17:45.000,17-Sep-2012 06:19:16.000,17-Sep-2012 06:19:32.000,1.4121644496917725,0.07907986640930176,C1.6,0.0,,B4.7,0.0,nan,/Users/wheatley/Documents/Solar/occulted_flares/data/dat_files,/Users/wheatley/Documents/Solar/occulted_flares/data/,/xrs2012261,nan,nan,list_fixed_fit_high.csv,164.83243352085486,2.35342
12091706,17-Sep-2012 12:58:10.000,17-Sep-2012 13:54:25.000,17-Sep-2012 13:55:56.000,17-Sep-2012 13:56:12.000,1.2659599781036377,0.06403113901615143,C1.2,0.0,C1.1,C2.0,0.0,nan,/Users/wheatley/Documents/Solar/occulted_flares/data/dat_files,/Users/wheatley/Documents/Solar/occulted_flares/data/,/xrs2012261,nan,nan,list_fixed_fit_high.csv,164.83243352085486,1.29927
12093033,30-Sep-2012 11:25:42.000,30-Sep-2012 11:38:55.000,30-Sep-2012 11:40:26.000,30-Sep-2012 11:40:42.000,1.62890625,0.2871834635734558,C6.9,0.0,,B8.2,0.0,nan,/Users/wheatley/Documents/Solar/occulted_flares/data/dat_files,/Users/wheatley/Documents/Solar/occulted_flares/data/,/xrs2012274,nan,nan,list_fixed_fit_high.csv,146.97651938948587,16.1536
12093033,30-Sep-2012 11:25:42.000,30-Sep-2012 12:05:35.000,30-Sep-2012 12:10:26.000,30-Sep-2012 12:10:42.000,1.4116450548171997,0.3483656048774719,C6.9,0.0,,B5.5,0.0,nan,/Users/wheatley/Documents/Solar/occulted_flares/data/dat_files,/Users/wheatley/Documents/Solar/occulted_flares/data/,/xrs2012274,nan,nan,list_fixed_fit_high.csv,146.97651938948587,11.6589
12100165,01-Oct-2012 20:47:02.000,01-Oct-2012 20:46:14.000,01-Oct-2012 20:47:45.000,01-Oct-2012 20:48:01.000,1.451911211013794,0.18882372975349426,C3.8,0.0,,C1.2,0.0,nan,/Users/wheatley/Documents/Solar/occulted_flares/data/dat_files,/Users/wheatley/Documents/Solar/occulted_flares/data/,/xrs2012275,nan,nan,list_fixed_fit_high.csv,145.29831188685878,8.03856
12100707,07-Oct-2012 20:25:34.000,07-Oct-2012 20:22:50.000,07-Oct-2012 20:27:42.000,07-Oct-2012 20:27:58.000,1.6317859888076782,0.9742012023925781,M2.1,0.0,C1.0,B7.6,0.0,nan,/Users/wheatley/Documents/Solar/occulted_flares/data/dat_files,/Users/wheatley/Documents/Solar/occulted_flares/data/,/xrs2012281,nan,nan,list_fixed_fit_high.csv,135.24565344407284,9.57677
12100708,07-Oct-2012 21:02:14.000,07-Oct-2012 20:22:50.000,07-Oct-2012 20:27:42.000,07-Oct-2012 20:27:58.000,1.6317859888076782,0.9742012023925781,M2.1,0.0,,B7.6,0.0,nan,/Users/wheatley/Documents/Solar/occulted_flares/data/dat_files,/Users/wheatley/Documents/Solar/occulted_flares/data/,/xrs2012281,nan,nan,list_fixed_fit_high.csv,135.24565344407284,9.57677
12101508,15-Oct-2012 03:31:18.000,15-Oct-2012 04:20:13.000,15-Oct-2012 04:21:45.000,15-Oct-2012 04:22:01.000,1.5534217357635498,0.07638668268918991,C1.6,0.0,C2.7,C3.1,0.0,nan,/Users/wheatley/Documents/Solar/occulted_flares/data/dat_files,/Users/wheatley/Documents/Solar/occulted_flares/data/,/xrs2012289,nan,nan,list_fixed_fit_high.csv,121.41787896813779,5.10624
12101714,17-Oct-2012 07:56:38.000,17-Oct-2012 07:54:16.000,17-Oct-2012 08:05:47.000,17-Oct-2012 08:06:03.000,1.219056248664856,0.22131963074207306,C4.0,0.0,C1.5,C6.7,0.0,nan,/Users/wheatley/Documents/Solar/occulted_flares/data/dat_files,/Users/wheatley/Documents/Solar/occulted_flares/data/,/xrs2012291,nan,nan,list_fixed_fit_high.csv,117.75073854968068,12.2259
12101924,19-Oct-2012 20:15:02.000,19-Oct-2012 20:50:58.000,19-Oct-2012 20:52:30.000,19-Oct-2012 20:52:46.000,1.3895549774169922,0.2696772813796997,C5.3,0.0,,C3.5,0.0,nan,/Users/wheatley/Documents/Solar/occulted_flares/data/dat_files,/Users/wheatley/Documents/Solar/occulted_flares/data/,/xrs2012293,nan,nan,list_fixed_fit_high.csv,113.9489737065834,3.89471
12101925,19-Oct-2012 21:47:22.000,19-Oct-2012 20:50:58.000,19-Oct-2012 20:52:30.000,19-Oct-2012 20:52:46.000,1.3895549774169922,0.2696772813796997,C5.3,0.0,M3.5,C3.5,0.0,nan,/Users/wheatley/Documents/Solar/occulted_flares/data/dat_files,/Users/wheatley/Documents/Solar/occulted_flares/data/,/xrs2012293,nan,nan,list_fixed_fit_high.csv,113.9489737065834,3.89471
12102024,20-Oct-2012 18:13:18.000,20-Oct-2012 18:07:40.000,20-Oct-2012 18:11:23.000,20-Oct-2012 18:11:39.000,2.02901554107666,0.8483310341835022,M2.1,0.0,B8.3*,M3.0,0.0,nan,/Users/wheatley/Documents/Solar/occulted_flares/data/dat_files,/Users/wheatley/Documents/Solar/occulted_flares/data/,/xrs2012294,nan,nan,list_fixed_fit_high.csv,111.98855587954215,7.89829
12102105,21-Oct-2012 02:46:14.000,21-Oct-2012 02:58:05.000,21-Oct-2012 03:06:17.000,21-Oct-2012 03:06:33.000,1.500320315361023,0.1704379767179489,C3.5,0.0,,C6.6,0.0,nan,/Users/wheatley/Documents/Solar/occulted_flares/data/dat_files,/Users/wheatley/Documents/Solar/occulted_flares/data/,/xrs2012295,nan,nan,list_fixed_fit_high.csv,109.98330036631879,9.65879
12102106,21-Oct-2012 03:32:02.000,21-Oct-2012 02:58:05.000,21-Oct-2012 03:06:17.000,21-Oct-2012 03:06:33.000,1.500320315361023,0.1704379767179489,C3.5,0.0,C2.9*,C6.6,0.0,nan,/Users/wheatley/Documents/Solar/occulted_flares/data/dat_files,/Users/wheatley/Documents/Solar/occulted_flares/data/,/xrs2012295,nan,nan,list_fixed_fit_high.csv,109.98330036631879,9.65879
12102107,21-Oct-2012 05:32:14.000,21-Oct-2012 05:28:05.000,21-Oct-2012 05:32:57.000,21-Oct-2012 05:33:13.000,1.5080721378326416,0.13622628152370453,C2.8,0.0,,C5.0,0.0,nan,/Users/wheatley/Documents/Solar/occulted_flares/data/dat_files,/Users/wheatley/Documents/Solar/occulted_flares/data/,/xrs2012295,nan,nan,list_fixed_fit_high.csv,109.98330036631879,7.83661
12102125,21-Oct-2012 20:01:38.000,21-Oct-2012 19:58:05.000,21-Oct-2012 20:02:57.000,21-Oct-2012 20:03:13.000,1.5657784938812256,0.3658488690853119,C7.7,0.0,,M1.3,0.0,nan,/Users/wheatley/Documents/Solar/occulted_flares/data/dat_files,/Users/wheatley/Documents/Solar/occulted_flares/data/,/xrs2012295,nan,nan,list_fixed_fit_high.csv,109.98330036631879,16.7961
12102126,21-Oct-2012 20:52:34.000,21-Oct-2012 19:58:05.000,21-Oct-2012 20:02:57.000,21-Oct-2012 20:03:13.000,1.5657784938812256,0.3658488690853119,C7.7,0.0,,M1.3,0.0,nan,/Users/wheatley/Documents/Solar/occulted_flares/data/dat_files,/Users/wheatley/Documents/Solar/occulted_flares/data/,/xrs2012295,nan,nan,list_fixed_fit_high.csv,109.98330036631879,16.7961
12102229,22-Oct-2012 16:01:26.000,22-Oct-2012 15:58:07.000,22-Oct-2012 16:06:19.000,22-Oct-2012 16:06:35.000,1.1643403768539429,0.12836667895317078,C2.2,0.0,C2.2*,C4.6,0.0,nan,/Users/wheatley/Documents/Solar/occulted_flares/data/dat_files,/Users/wheatley/Documents/Solar/occulted_flares/data/,/xrs2012296,nan,nan,list_fixed_fit_high.csv,107.92913322465725,6.08708
12102230,22-Oct-2012 16:16:54.000,22-Oct-2012 15:58:07.000,22-Oct-2012 16:06:19.000,22-Oct-2012 16:06:35.000,1.1643403768539429,0.12836667895317078,C2.2,0.0,C2.2*,C4.6,0.0,nan,/Users/wheatley/Documents/Solar/occulted_flares/data/dat_files,/Users/wheatley/Documents/Solar/occulted_flares/data/,/xrs2012296,nan,nan,list_fixed_fit_high.csv,107.92913322465725,6.08708
12102234,22-Oct-2012 17:59:42.000,22-Oct-2012 18:44:47.000,22-Oct-2012 18:49:39.000,22-Oct-2012 18:49:55.000,1.7137101888656616,1.3075462579727173,M2.9,0.0,,M4.5,0.0,nan,/Users/wheatley/Documents/Solar/occulted_flares/data/dat_files,/Users/wheatley/Documents/Solar/occulted_flares/data/,/xrs2012296,nan,nan,list_fixed_fit_high.csv,107.92913322465725,38.0098
12102240,22-Oct-2012 19:13:46.000,22-Oct-2012 18:44:47.000,22-Oct-2012 18:49:39.000,22-Oct-2012 18:49:55.000,1.7137101888656616,1.3075462579727173,M2.9,0.0,,M4.5,0.0,nan,/Users/wheatley/Documents/Solar/occulted_flares/data/dat_files,/Users/wheatley/Documents/Solar/occulted_flares/data/,/xrs2012296,nan,nan,list_fixed_fit_high.csv,107.92913322465725,38.0098
12102309,23-Oct-2012 02:31:34.000,23-Oct-2012 03:24:37.000,23-Oct-2012 03:29:49.000,23-Oct-2012 03:30:05.000,1.3162747621536255,0.7462505102157593,M1.4,0.0,C5.0,M2.4,0.0,nan,/Users/wheatley/Documents/Solar/occulted_flares/data/dat_files,/Users/wheatley/Documents/Solar/occulted_flares/data/,/xrs2012297,nan,nan,list_fixed_fit_high.csv,105.82179312403015,18.8112
12102310,23-Oct-2012 03:17:22.000,23-Oct-2012 03:24:37.000,23-Oct-2012 03:29:49.000,23-Oct-2012 03:30:05.000,1.3162747621536255,0.7462505102157593,M1.4,0.0,M1.2,M2.4,0.0,nan,/Users/wheatley/Documents/Solar/occulted_flares/data/dat_files,/Users/wheatley/Documents/Solar/occulted_flares/data/,/xrs2012297,nan,nan,list_fixed_fit_high.csv,105.82179312403015,18.8112
12110705,07-Nov-2012 07:50:38.000,07-Nov-2012 07:51:36.000,07-Nov-2012 07:52:28.000,07-Nov-2012 07:52:44.000,1.5258815288543701,0.06996766477823257,C1.5,0.0,,B4.3,0.0,nan,/Users/wheatley/Documents/Solar/occulted_flares/data/dat_files,/Users/wheatley/Documents/Solar/occulted_flares/data/,/xrs2012312,nan,nan,list_fixed_fit_high.csv,64.38094422743526,1.88837
12110706,07-Nov-2012 08:45:06.000,07-Nov-2012 07:51:36.000,07-Nov-2012 07:52:28.000,07-Nov-2012 07:52:44.000,1.5258815288543701,0.06996766477823257,C1.5,0.0,,B4.3,0.0,nan,/Users/wheatley/Documents/Solar/occulted_flares/data/dat_files,/Users/wheatley/Documents/Solar/occulted_flares/data/,/xrs2012312,nan,nan,list_fixed_fit_high.csv,64.38094422743526,1.88837
12110717,07-Nov-2012 12:33:22.000,07-Nov-2012 13:01:36.000,07-Nov-2012 13:03:08.000,07-Nov-2012 13:03:24.000,1.3594709634780884,0.07735952734947205,C1.5,0.0,M3.7*,B2.8,0.0,nan,/Users/wheatley/Documents/Solar/occulted_flares/data/dat_files,/Users/wheatley/Documents/Solar/occulted_flares/data/,/xrs2012312,nan,nan,list_fixed_fit_high.csv,64.38094422743526,3.91564
12110718,07-Nov-2012 13:15:10.000,07-Nov-2012 13:01:36.000,07-Nov-2012 13:03:08.000,07-Nov-2012 13:03:24.000,1.3594709634780884,0.07735952734947205,C1.5,0.0,M3.7*,B2.8,0.0,nan,/Users/wheatley/Documents/Solar/occulted_flares/data/dat_files,/Users/wheatley/Documents/Solar/occulted_flares/data/,/xrs2012312,nan,nan,list_fixed_fit_high.csv,64.38094422743526,3.91564
12111105,11-Nov-2012 02:30:18.000,11-Nov-2012 02:22:27.000,11-Nov-2012 02:30:39.000,11-Nov-2012 02:30:55.000,1.2176400423049927,0.26641330122947693,C4.8,0.0,M1.5*,M1.0,0.0,nan,/Users/wheatley/Documents/Solar/occulted_flares/data/dat_files,/Users/wheatley/Documents/Solar/occulted_flares/data/,/xrs2012316,nan,nan,list_fixed_fit_high.csv,48.959665673377614,6.33381
12111320,13-Nov-2012 05:48:14.000,13-Nov-2012 05:44:49.000,13-Nov-2012 05:49:40.000,13-Nov-2012 05:49:56.000,1.5267884731292725,0.7113370895385742,M1.5,0.0,M1.5*,M2.4,0.0,nan,/Users/wheatley/Documents/Solar/occulted_flares/data/dat_files,/Users/wheatley/Documents/Solar/occulted_flares/data/,/xrs2012318,nan,nan,list_fixed_fit_high.csv,40.54820158671774,38.4143
12111515,15-Nov-2012 04:32:22.000,15-Nov-2012 04:27:15.000,15-Nov-2012 04:35:26.000,15-Nov-2012 04:35:42.000,1.2585949897766113,0.14421454071998596,C2.7,0.0,,C6.2,0.0,nan,/Users/wheatley/Documents/Solar/occulted_flares/data/dat_files,/Users/wheatley/Documents/Solar/occulted_flares/data/,/xrs2012320,nan,nan,list_fixed_fit_high.csv,31.90821966603274,4.8025
12111516,15-Nov-2012 05:10:22.000,15-Nov-2012 04:27:15.000,15-Nov-2012 04:35:26.000,15-Nov-2012 04:35:42.000,1.2585949897766113,0.14421454071998596,C2.7,0.0,M1.3,C6.2,0.0,nan,/Users/wheatley/Documents/Solar/occulted_flares/data/dat_files,/Users/wheatley/Documents/Solar/occulted_flares/data/,/xrs2012320,nan,nan,list_fixed_fit_high.csv,31.90821966603274,4.8025
12111806,18-Nov-2012 04:09:10.000,18-Nov-2012 04:01:19.000,18-Nov-2012 04:09:31.000,18-Nov-2012 04:09:47.000,1.1826354265213013,0.12925401329994202,C2.3,0.0,M1.5,C5.4,0.0,nan,/Users/wheatley/Documents/Solar/occulted_flares/data/dat_files,/Users/wheatley/Documents/Solar/occulted_flares/data/,/xrs2012323,nan,nan,list_fixed_fit_high.csv,19.952390287277176,3.70722
12112036,20-Nov-2012 11:48:22.000,20-Nov-2012 12:39:20.000,20-Nov-2012 12:40:52.000,20-Nov-2012 12:41:08.000,1.4844975471496582,0.37603628635406494,C7.7,0.0,,M1.6,0.0,nan,/Users/wheatley/Documents/Solar/occulted_flares/data/dat_files,/Users/wheatley/Documents/Solar/occulted_flares/data/,/xrs2012325,nan,nan,list_fixed_fit_high.csv,15.602397827143479,17.9387
12112037,20-Nov-2012 12:40:50.000,20-Nov-2012 12:39:20.000,20-Nov-2012 12:40:52.000,20-Nov-2012 12:41:08.000,1.4844975471496582,0.37603628635406494,C7.7,0.0,,M1.6,0.0,nan,/Users/wheatley/Documents/Solar/occulted_flares/data/dat_files,/Users/wheatley/Documents/Solar/occulted_flares/data/,/xrs2012325,nan,nan,list_fixed_fit_high.csv,15.602397827143479,17.9387
12112122,21-Nov-2012 06:53:30.000,21-Nov-2012 06:49:21.000,21-Nov-2012 06:54:12.000,21-Nov-2012 06:54:28.000,1.5336182117462158,0.3331809341907501,C7.0,0.0,,M1.3,0.0,nan,/Users/wheatley/Documents/Solar/occulted_flares/data/dat_files,/Users/wheatley/Documents/Solar/occulted_flares/data/,/xrs2012326,nan,nan,list_fixed_fit_high.csv,15.85460624580503,29.4637
12112123,21-Nov-2012 07:34:18.000,21-Nov-2012 06:49:21.000,21-Nov-2012 06:54:12.000,21-Nov-2012 06:54:28.000,1.5336182117462158,0.3331809341907501,C7.0,0.0,M4.4,M1.3,0.0,nan,/Users/wheatley/Documents/Solar/occulted_flares/data/dat_files,/Users/wheatley/Documents/Solar/occulted_flares/data/,/xrs2012326,nan,nan,list_fixed_fit_high.csv,15.85460624580503,29.4637
12112144,21-Nov-2012 15:31:42.000,21-Nov-2012 15:22:41.000,21-Nov-2012 15:26:51.000,21-Nov-2012 15:27:07.000,1.67386794090271,0.5779114365577698,M1.3,0.0,,M2.6,0.0,nan,/Users/wheatley/Documents/Solar/occulted_flares/data/dat_files,/Users/wheatley/Documents/Solar/occulted_flares/data/,/xrs2012326,nan,nan,list_fixed_fit_high.csv,15.85460624580503,29.4399
12112773,27-Nov-2012 20:24:50.000,27-Nov-2012 21:21:32.000,27-Nov-2012 21:26:24.000,27-Nov-2012 21:26:40.000,1.3689630031585693,0.2478010654449463,C4.8,0.0,M1.4*,M1.1,0.0,nan,/Users/wheatley/Documents/Solar/occulted_flares/data/dat_files,/Users/wheatley/Documents/Solar/occulted_flares/data/,/xrs2012332,nan,nan,list_fixed_fit_high.csv,38.19959600808889,11.9378
12112783,27-Nov-2012 23:21:06.000,27-Nov-2012 23:18:12.000,27-Nov-2012 23:23:04.000,27-Nov-2012 23:23:20.000,1.2456599473953247,0.16028906404972076,C2.9,0.0,M1.4*,C7.0,0.0,nan,/Users/wheatley/Documents/Solar/occulted_flares/data/dat_files,/Users/wheatley/Documents/Solar/occulted_flares/data/,/xrs2012332,nan,nan,list_fixed_fit_high.csv,38.19959600808889,8.40131
12112839,28-Nov-2012 13:02:50.000,28-Nov-2012 12:21:31.000,28-Nov-2012 12:23:02.000,28-Nov-2012 12:23:18.000,1.332794189453125,0.0942024290561676,C1.8,0.0,,C4.5,0.0,nan,/Users/wheatley/Documents/Solar/occulted_flares/data/dat_files,/Users/wheatley/Documents/Solar/occulted_flares/data/,/xrs2012333,nan,nan,list_fixed_fit_high.csv,42.737878916460645,9.82747
12112864,28-Nov-2012 21:47:50.000,28-Nov-2012 21:28:11.000,28-Nov-2012 21:36:22.000,28-Nov-2012 21:36:38.000,1.4303754568099976,0.530226469039917,M1.1,0.0,C9.4*,M2.3,0.0,nan,/Users/wheatley/Documents/Solar/occulted_flares/data/dat_files,/Users/wheatley/Documents/Solar/occulted_flares/data/,/xrs2012333,nan,nan,list_fixed_fit_high.csv,42.737878916460645,29.6629
12112927,29-Nov-2012 07:07:54.000,29-Nov-2012 07:08:09.000,29-Nov-2012 07:09:40.000,29-Nov-2012 07:09:56.000,1.3580888509750366,0.07198918610811234,C1.4,0.0,,C3.6,0.0,nan,/Users/wheatley/Documents/Solar/occulted_flares/data/dat_files,/Users/wheatley/Documents/Solar/occulted_flares/data/,/xrs2012334,nan,nan,list_fixed_fit_high.csv,47.219493619538866,8.61382
13010922,09-Jan-2013 14:49:14.000,09-Jan-2013 14:35:00.000,09-Jan-2013 14:39:51.000,09-Jan-2013 14:40:07.000,1.54214346408844,0.3057173490524292,C6.4,0.0,,C2.3,0.0,nan,/Users/wheatley/Documents/Solar/occulted_flares/data/dat_files,/Users/wheatley/Documents/Solar/occulted_flares/data/,/xrs2013009,nan,nan,list_fixed_fit_high.csv,150.9109757213598,6.39139
13031505,15-Mar-2013 06:11:10.000,15-Mar-2013 06:27:21.000,15-Mar-2013 06:38:53.000,15-Mar-2013 06:39:09.000,1.2898659706115723,0.15512745082378387,C2.9,0.0,,C7.6,0.0,nan,/Users/wheatley/Documents/Solar/occulted_flares/data/dat_files,/Users/wheatley/Documents/Solar/occulted_flares/data/,/xrs2013074,nan,nan,list_fixed_fit_high.csv,26.29223509149599,4.76499
13031507,15-Mar-2013 07:09:22.000,15-Mar-2013 06:27:21.000,15-Mar-2013 06:38:53.000,15-Mar-2013 06:39:09.000,1.2898659706115723,0.15512745082378387,C2.9,0.0,,C7.6,0.0,nan,/Users/wheatley/Documents/Solar/occulted_flares/data/dat_files,/Users/wheatley/Documents/Solar/occulted_flares/data/,/xrs2013074,nan,nan,list_fixed_fit_high.csv,26.29223509149599,4.76499
13031810,18-Mar-2013 02:26:46.000,18-Mar-2013 03:17:55.000,18-Mar-2013 03:19:26.000,18-Mar-2013 03:19:42.000,1.38840651512146,0.04404609650373459,B8.6,0.0,X1.5,C2.5,0.0,nan,/Users/wheatley/Documents/Solar/occulted_flares/data/dat_files,/Users/wheatley/Documents/Solar/occulted_flares/data/,/xrs2013077,nan,nan,list_fixed_fit_high.csv,32.510822943677375,1.60282
13031811,18-Mar-2013 03:20:50.000,18-Mar-2013 03:17:55.000,18-Mar-2013 03:19:26.000,18-Mar-2013 03:19:42.000,1.38840651512146,0.04404609650373459,B8.6,0.0,,C2.5,0.0,nan,/Users/wheatley/Documents/Solar/occulted_flares/data/dat_files,/Users/wheatley/Documents/Solar/occulted_flares/data/,/xrs2013077,nan,nan,list_fixed_fit_high.csv,32.510822943677375,1.60282
13032002,20-Mar-2013 01:18:50.000,20-Mar-2013 00:45:11.000,20-Mar-2013 01:00:02.000,20-Mar-2013 01:00:18.000,1.4949873685836792,0.27817869186401367,C5.7,0.0,,C5.2,0.0,nan,/Users/wheatley/Documents/Solar/occulted_flares/data/dat_files,/Users/wheatley/Documents/Solar/occulted_flares/data/,/xrs2013079,nan,nan,list_fixed_fit_high.csv,36.45510625218825,5.61763
13032034,20-Mar-2013 18:48:26.000,20-Mar-2013 19:11:51.000,20-Mar-2013 19:13:22.000,20-Mar-2013 19:13:38.000,1.2456958293914795,0.13273945450782776,C2.4,0.0,M1.1,B3.3,0.0,nan,/Users/wheatley/Documents/Solar/occulted_flares/data/dat_files,/Users/wheatley/Documents/Solar/occulted_flares/data/,/xrs2013079,nan,nan,list_fixed_fit_high.csv,36.45510625218825,3.31562
13041107,11-Apr-2013 07:07:38.000,11-Apr-2013 06:59:05.000,11-Apr-2013 07:13:56.000,11-Apr-2013 07:14:12.000,1.479357123374939,1.3806710243225098,M2.9,0.0,C1.4,M6.2,0.0,nan,/Users/wheatley/Documents/Solar/occulted_flares/data/dat_files,/Users/wheatley/Documents/Solar/occulted_flares/data/,/xrs2013101,nan,nan,list_fixed_fit_high.csv,74.92435194370731,29.213
13041107,11-Apr-2013 07:07:38.000,11-Apr-2013 07:15:45.000,11-Apr-2013 07:17:16.000,11-Apr-2013 07:17:32.000,1.3409932851791382,1.533174991607666,M2.9,0.0,,M6.5,0.0,nan,/Users/wheatley/Documents/Solar/occulted_flares/data/dat_files,/Users/wheatley/Documents/Solar/occulted_flares/data/,/xrs2013101,nan,nan,list_fixed_fit_high.csv,74.92435194370731,26.6471
13041112,11-Apr-2013 10:57:18.000,11-Apr-2013 10:35:45.000,11-Apr-2013 10:43:56.000,11-Apr-2013 10:44:12.000,1.1933032274246216,0.17617885768413544,C3.1,0.0,,C6.1,0.0,nan,/Users/wheatley/Documents/Solar/occulted_flares/data/dat_files,/Users/wheatley/Documents/Solar/occulted_flares/data/,/xrs2013101,nan,nan,list_fixed_fit_high.csv,74.92435194370731,5.74149
13041256,12-Apr-2013 18:43:50.000,12-Apr-2013 19:15:46.000,12-Apr-2013 19:20:37.000,12-Apr-2013 19:20:53.000,1.2757242918014526,0.09905144572257996,C1.8,0.0,C5.5,C1.6,0.0,nan,/Users/wheatley/Documents/Solar/occulted_flares/data/dat_files,/Users/wheatley/Documents/Solar/occulted_flares/data/,/xrs2013102,nan,nan,list_fixed_fit_high.csv,76.75493731384292,2.39147
13041825,18-Apr-2013 18:10:30.000,18-Apr-2013 18:07:16.000,18-Apr-2013 18:18:48.000,18-Apr-2013 18:19:04.000,1.1889344453811646,0.19194439053535461,C3.4,0.0,,C6.4,0.0,nan,/Users/wheatley/Documents/Solar/occulted_flares/data/dat_files,/Users/wheatley/Documents/Solar/occulted_flares/data/,/xrs2013108,nan,nan,list_fixed_fit_high.csv,88.60814658275655,4.88198
13042246,22-Apr-2013 11:10:58.000,22-Apr-2013 10:25:25.000,22-Apr-2013 10:30:17.000,22-Apr-2013 10:30:33.000,1.37529456615448,0.2010876089334488,C3.9,0.0,C2.0,C7.8,0.0,nan,/Users/wheatley/Documents/Solar/occulted_flares/data/dat_files,/Users/wheatley/Documents/Solar/occulted_flares/data/,/xrs2013112,nan,nan,list_fixed_fit_high.csv,97.67517740069898,16.5222
13042352,23-Apr-2013 14:13:50.000,23-Apr-2013 14:12:08.000,23-Apr-2013 14:13:39.000,23-Apr-2013 14:13:55.000,1.606756329536438,0.16272865235805511,C3.5,0.0,,C8.1,0.0,nan,/Users/wheatley/Documents/Solar/occulted_flares/data/dat_files,/Users/wheatley/Documents/Solar/occulted_flares/data/,/xrs2013113,nan,nan,list_fixed_fit_high.csv,100.13522131717086,14.6633
13042586,25-Apr-2013 22:00:42.000,25-Apr-2013 21:26:23.000,25-Apr-2013 21:34:35.000,25-Apr-2013 21:34:51.000,1.2479075193405151,0.17914235591888428,C3.7,0.0,C1.1,B8.6,0.0,nan,/Users/wheatley/Documents/Solar/occulted_flares/data/dat_files,/Users/wheatley/Documents/Solar/occulted_flares/data/,/xrs2013115,nan,nan,list_fixed_fit_high.csv,105.3284200974903,2.58154
13042586,25-Apr-2013 22:00:42.000,25-Apr-2013 21:59:43.000,25-Apr-2013 22:01:15.000,25-Apr-2013 22:01:31.000,1.3076648712158203,0.19804944097995758,C3.7,0.0,,C5.5,0.0,nan,/Users/wheatley/Documents/Solar/occulted_flares/data/dat_files,/Users/wheatley/Documents/Solar/occulted_flares/data/,/xrs2013115,nan,nan,list_fixed_fit_high.csv,105.3284200974903,6.79732
13042624,26-Apr-2013 06:25:50.000,26-Apr-2013 06:23:06.000,26-Apr-2013 06:27:58.000,26-Apr-2013 06:28:14.000,1.3917310237884521,0.16201002895832062,C2.3,0.0,C1.2,C6.8,0.0,nan,/Users/wheatley/Documents/Solar/occulted_flares/data/dat_files,/Users/wheatley/Documents/Solar/occulted_flares/data/,/xrs2013116,nan,nan,list_fixed_fit_high.csv,108.07402311952916,5.97587
13042624,26-Apr-2013 06:25:50.000,26-Apr-2013 06:56:26.000,26-Apr-2013 06:57:58.000,26-Apr-2013 06:58:14.000,1.2005689144134521,0.13087955117225647,C2.3,0.0,B9.0,C1.7,0.0,nan,/Users/wheatley/Documents/Solar/occulted_flares/data/dat_files,/Users/wheatley/Documents/Solar/occulted_flares/data/,/xrs2013116,nan,nan,list_fixed_fit_high.csv,108.07402311952916,3.90001
13042736,27-Apr-2013 10:53:50.000,27-Apr-2013 10:49:49.000,27-Apr-2013 10:51:20.000,27-Apr-2013 10:51:36.000,1.3904310464859009,0.07048609107732773,C1.4,0.0,,B9.3,0.0,nan,/Users/wheatley/Documents/Solar/occulted_flares/data/dat_files,/Users/wheatley/Documents/Solar/occulted_flares/data/,/xrs2013117,nan,nan,list_fixed_fit_high.csv,110.92741442420214,5.68579
13042740,27-Apr-2013 12:28:54.000,27-Apr-2013 12:09:49.000,27-Apr-2013 12:11:20.000,27-Apr-2013 12:11:36.000,1.450145959854126,0.21824763715267181,C4.4,0.0,C2.2,C2.5,0.0,nan,/Users/wheatley/Documents/Solar/occulted_flares/data/dat_files,/Users/wheatley/Documents/Solar/occulted_flares/data/,/xrs2013117,nan,nan,list_fixed_fit_high.csv,110.92741442420214,12.0998
13042748,27-Apr-2013 15:11:46.000,27-Apr-2013 15:09:49.000,27-Apr-2013 15:11:20.000,27-Apr-2013 15:11:36.000,1.3162158727645874,0.08498410880565643,C1.6,0.0,,C1.7,0.0,nan,/Users/wheatley/Documents/Solar/occulted_flares/data/dat_files,/Users/wheatley/Documents/Solar/occulted_flares/data/,/xrs2013117,nan,nan,list_fixed_fit_high.csv,110.92741442420214,4.04059
13042928,29-Apr-2013 08:54:50.000,29-Apr-2013 09:13:55.000,29-Apr-2013 09:15:26.000,29-Apr-2013 09:15:42.000,1.306836724281311,0.09412454813718796,C1.8,0.0,C6.4,C1.3,0.0,nan,/Users/wheatley/Documents/Solar/occulted_flares/data/dat_files,/Users/wheatley/Documents/Solar/occulted_flares/data/,/xrs2013119,nan,nan,list_fixed_fit_high.csv,116.98278553811858,5.44164
13042965,29-Apr-2013 20:29:02.000,29-Apr-2013 19:40:35.000,29-Apr-2013 19:42:06.000,29-Apr-2013 19:42:22.000,1.3289446830749512,0.1479135900735855,C2.8,0.0,B8.5,C1.0,0.0,nan,/Users/wheatley/Documents/Solar/occulted_flares/data/dat_files,/Users/wheatley/Documents/Solar/occulted_flares/data/,/xrs2013119,nan,nan,list_fixed_fit_high.csv,116.98278553811858,5.71885
13043023,30-Apr-2013 08:44:50.000,30-Apr-2013 08:54:38.000,30-Apr-2013 08:59:29.000,30-Apr-2013 08:59:45.000,1.4631344079971313,0.11546306312084198,C2.3,0.0,C2.2,C1.3,0.0,nan,/Users/wheatley/Documents/Solar/occulted_flares/data/dat_files,/Users/wheatley/Documents/Solar/occulted_flares/data/,/xrs2013120,nan,nan,list_fixed_fit_high.csv,120.19689497343377,5.53718
13050122,01-May-2013 05:44:46.000,01-May-2013 05:51:20.000,01-May-2013 05:56:12.000,01-May-2013 05:56:28.000,1.2358393669128418,0.12271130830049515,C2.7,0.0,M4.2*,B9.3,0.0,nan,/Users/wheatley/Documents/Solar/occulted_flares/data/dat_files,/Users/wheatley/Documents/Solar/occulted_flares/data/,/xrs2013121,nan,nan,list_fixed_fit_high.csv,123.54267298632965,3.89928
13050122,01-May-2013 05:44:46.000,01-May-2013 06:11:20.000,01-May-2013 06:16:12.000,01-May-2013 06:16:28.000,1.1413390636444092,0.15871725976467133,C2.7,0.0,,B8.5,0.0,nan,/Users/wheatley/Documents/Solar/occulted_flares/data/dat_files,/Users/wheatley/Documents/Solar/occulted_flares/data/,/xrs2013121,nan,nan,list_fixed_fit_high.csv,123.54267298632965,2.58709
13050351,03-May-2013 17:28:54.000,03-May-2013 16:46:46.000,03-May-2013 16:56:58.000,03-May-2013 16:57:14.000,1.2454659938812256,0.1574050635099411,C2.9,0.0,B7.4*,M1.3,0.0,nan,/Users/wheatley/Documents/Solar/occulted_flares/data/dat_files,/Users/wheatley/Documents/Solar/occulted_flares/data/,/xrs2013123,nan,nan,list_fixed_fit_high.csv,130.6464919532927,4.03122
13050406,04-May-2013 03:51:02.000,04-May-2013 04:02:09.000,04-May-2013 04:03:40.000,04-May-2013 04:03:56.000,1.3785001039505005,0.10165289789438248,C2.0,0.0,C5.2,B7.5,0.0,nan,/Users/wheatley/Documents/Solar/occulted_flares/data/dat_files,/Users/wheatley/Documents/Solar/occulted_flares/data/,/xrs2013124,nan,nan,list_fixed_fit_high.csv,134.4096938298507,3.495
13050933,09-May-2013 16:37:30.000,09-May-2013 16:36:21.000,09-May-2013 16:37:52.000,09-May-2013 16:38:08.000,1.336104393005371,0.04800063744187355,B9.2,0.0,C3.7*,C1.2,0.0,nan,/Users/wheatley/Documents/Solar/occulted_flares/data/dat_files,/Users/wheatley/Documents/Solar/occulted_flares/data/,/xrs2013129,nan,nan,list_fixed_fit_high.csv,155.14753966639196,1.2199
13051642,16-May-2013 21:51:38.000,16-May-2013 22:07:16.000,16-May-2013 22:15:27.000,16-May-2013 22:15:43.000,1.1600126028060913,0.11465779691934586,C2.0,0.0,C3.7*,C3.6,0.0,nan,/Users/wheatley/Documents/Solar/occulted_flares/data/dat_files,/Users/wheatley/Documents/Solar/occulted_flares/data/,/xrs2013136,nan,nan,list_fixed_fit_high.csv,164.88542728517325,2.26743
13051830,18-May-2013 20:49:26.000,18-May-2013 20:05:15.000,18-May-2013 20:10:07.000,18-May-2013 20:10:23.000,1.5245741605758667,0.24894043803215027,C4.6,0.0,C3.7*,B5.1,0.0,nan,/Users/wheatley/Documents/Solar/occulted_flares/data/dat_files,/Users/wheatley/Documents/Solar/occulted_flares/data/,/xrs2013138,nan,nan,list_fixed_fit_high.csv,155.60540840206917,21.0603
13051830,18-May-2013 20:49:26.000,18-May-2013 20:48:35.000,18-May-2013 21:00:07.000,18-May-2013 21:00:23.000,1.233235478401184,0.2555743157863617,C4.6,0.0,C3.7*,C1.7,0.0,nan,/Users/wheatley/Documents/Solar/occulted_flares/data/dat_files,/Users/wheatley/Documents/Solar/occulted_flares/data/,/xrs2013138,nan,nan,list_fixed_fit_high.csv,155.60540840206917,9.1332
13051831,18-May-2013 21:26:42.000,18-May-2013 20:48:35.000,18-May-2013 21:00:07.000,18-May-2013 21:00:23.000,1.233235478401184,0.2555743157863617,C4.6,0.0,C3.7*,C1.7,0.0,nan,/Users/wheatley/Documents/Solar/occulted_flares/data/dat_files,/Users/wheatley/Documents/Solar/occulted_flares/data/,/xrs2013138,nan,nan,list_fixed_fit_high.csv,155.60540840206917,9.1332
13051943,19-May-2013 16:31:14.000,19-May-2013 17:11:54.000,19-May-2013 17:23:26.000,19-May-2013 17:23:42.000,1.2921913862228394,0.11846540123224258,C2.2,0.0,,C4.3,0.0,nan,/Users/wheatley/Documents/Solar/occulted_flares/data/dat_files,/Users/wheatley/Documents/Solar/occulted_flares/data/,/xrs2013139,nan,nan,list_fixed_fit_high.csv,150.71340684814493,6.81187
13051948,19-May-2013 17:21:22.000,19-May-2013 17:11:54.000,19-May-2013 17:23:26.000,19-May-2013 17:23:42.000,1.2921913862228394,0.11846540123224258,C5.6,0.0,,C4.3,0.0,nan,/Users/wheatley/Documents/Solar/occulted_flares/data/dat_files,/Users/wheatley/Documents/Solar/occulted_flares/data/,/xrs2013139,nan,nan,list_fixed_fit_high.csv,150.71340684814493,6.81187
13051948,19-May-2013 17:21:22.000,19-May-2013 17:38:34.000,19-May-2013 17:46:46.000,19-May-2013 17:47:02.000,1.2063266038894653,0.31397488713264465,C5.6,0.0,,C9.2,0.0,nan,/Users/wheatley/Documents/Solar/occulted_flares/data/dat_files,/Users/wheatley/Documents/Solar/occulted_flares/data/,/xrs2013139,nan,nan,list_fixed_fit_high.csv,150.71340684814493,9.62835
13052208,22-May-2013 01:02:22.000,22-May-2013 00:53:10.000,22-May-2013 00:54:02.000,22-May-2013 00:54:18.000,1.3424512147903442,0.04658357426524162,B8.9,0.0,C4.2*,C2.3,0.0,nan,/Users/wheatley/Documents/Solar/occulted_flares/data/dat_files,/Users/wheatley/Documents/Solar/occulted_flares/data/,/xrs2013142,nan,nan,list_fixed_fit_high.csv,136.14170407956763,1.95126
13052343,23-May-2013 14:49:26.000,23-May-2013 14:46:28.000,23-May-2013 14:51:20.000,23-May-2013 14:51:36.000,1.3168082237243652,0.08097653090953827,C1.5,0.0,,C3.9,0.0,nan,/Users/wheatley/Documents/Solar/occulted_flares/data/dat_files,/Users/wheatley/Documents/Solar/occulted_flares/data/,/xrs2013143,nan,nan,list_fixed_fit_high.csv,131.45239019683495,7.27256
13053114,31-May-2013 19:58:34.000,31-May-2013 19:56:08.000,31-May-2013 20:01:00.000,31-May-2013 20:01:16.000,1.2149667739868164,0.25940123200416565,C4.7,0.0,,M1.0,0.0,nan,/Users/wheatley/Documents/Solar/occulted_flares/data/dat_files,/Users/wheatley/Documents/Solar/occulted_flares/data/,/xrs2013151,nan,nan,list_fixed_fit_high.csv,99.02697171844653,3.9632
13060316,03-Jun-2013 07:14:42.000,03-Jun-2013 07:09:59.000,03-Jun-2013 07:21:31.000,03-Jun-2013 07:21:47.000,1.3356235027313232,0.16102473437786102,C3.1,0.0,,C9.1,0.0,nan,/Users/wheatley/Documents/Solar/occulted_flares/data/dat_files,/Users/wheatley/Documents/Solar/occulted_flares/data/,/xrs2013154,nan,nan,list_fixed_fit_high.csv,89.27664341231487,10.5853
13060317,03-Jun-2013 07:52:06.000,03-Jun-2013 07:09:59.000,03-Jun-2013 07:21:31.000,03-Jun-2013 07:21:47.000,1.3356235027313232,0.16102473437786102,C3.1,0.0,C1.6*,C9.1,0.0,nan,/Users/wheatley/Documents/Solar/occulted_flares/data/dat_files,/Users/wheatley/Documents/Solar/occulted_flares/data/,/xrs2013154,nan,nan,list_fixed_fit_high.csv,89.27664341231487,10.5853
13061914,19-Jun-2013 09:40:06.000,19-Jun-2013 09:36:43.000,19-Jun-2013 09:48:15.000,19-Jun-2013 09:48:31.000,1.4231972694396973,0.17854319512844086,C3.6,0.0,C1.6*,C8.0,0.0,nan,/Users/wheatley/Documents/Solar/occulted_flares/data/dat_files,/Users/wheatley/Documents/Solar/occulted_flares/data/,/xrs2013170,nan,nan,list_fixed_fit_high.csv,52.140810892209736,5.10454
13061915,19-Jun-2013 10:04:26.000,19-Jun-2013 09:36:43.000,19-Jun-2013 09:48:15.000,19-Jun-2013 09:48:31.000,1.4231972694396973,0.17854319512844086,C3.6,0.0,C1.3*,C8.0,0.0,nan,/Users/wheatley/Documents/Solar/occulted_flares/data/dat_files,/Users/wheatley/Documents/Solar/occulted_flares/data/,/xrs2013170,nan,nan,list_fixed_fit_high.csv,52.140810892209736,5.10454
13062808,28-Jun-2013 03:35:30.000,28-Jun-2013 03:33:56.000,28-Jun-2013 03:38:48.000,28-Jun-2013 03:39:04.000,1.3402460813522339,0.16140364110469818,C3.1,0.0,C1.0,C7.0,0.0,nan,/Users/wheatley/Documents/Solar/occulted_flares/data/dat_files,/Users/wheatley/Documents/Solar/occulted_flares/data/,/xrs2013179,nan,nan,list_fixed_fit_high.csv,36.85822666874547,2.45468
13070301,03-Jul-2013 00:11:18.000,02-Jul-2013 23:52:37.000,04-Jul-2013 00:04:09.000,04-Jul-2013 00:04:25.000,1.018800139427185,0.002810452366247773,-1,0.0,,,0.0,nan,/Users/wheatley/Documents/Solar/occulted_flares/data/dat_files,/Users/wheatley/Documents/Solar/occulted_flares/data/,/xrs2013184,nan,nan,list_fixed_fit_high.csv,30.476100448319112,1.35117
