ID;Messenger_datetimes;RHESSI_datetimes;Obs_start_time;Obs_end_time;Messenger_T;Messenger_EM1;Messenger_GOES;Messenger_total_counts;RHESSI_GOES;GOES_GOES;RHESSI_total_counts;source_vis;Messenger_data_path;RHESSI_data_path;XRS_files;QL_images;RHESSI_browser_urls;csv_name;Angle;Notes
7053005;30-May-2007 13:46:33.000;30-May-2007 13:59:58.000;30-May-2007 13:53:55.000;30-May-2007 13:54:11.000;1.6424274445;1.913230896;M4.2;0;C2.0*;;0;nan;/Users/wheatley/Documents/Solar/occulted_flares/data/dat_files;/Users/wheatley/Documents/Solar/occulted_flares/data/;/xrs2007150;nan;nan;list_matches_chisq_fit_high.csv;62.5033742485;      18.6913
7060208;02-Jun-2007 10:31:26.000;02-Jun-2007 10:33:54.000;02-Jun-2007 10:33:47.000;02-Jun-2007 10:34:03.000;1.6493684053;0.2716652751;C5.9;0;M1.0;;0;nan;/Users/wheatley/Documents/Solar/occulted_flares/data/dat_files;/Users/wheatley/Documents/Solar/occulted_flares/data/;/xrs2007153;nan;nan;list_matches_chisq_fit_high.csv;60.6469914651;      5.97018
7060304;03-Jun-2007 06:36:23.000;03-Jun-2007 07:04:10.000;03-Jun-2007 06:43:45.000;03-Jun-2007 06:44:01.000;1.4486442804;0.9723700285;M2.0;0;;;0;nan;/Users/wheatley/Documents/Solar/occulted_flares/data/dat_files;/Users/wheatley/Documents/Solar/occulted_flares/data/;/xrs2007154;nan;nan;list_matches_chisq_fit_high.csv;60.0759114819;      8.43392
7071024;10-Jul-2007 12:36:17.000;10-Jul-2007 12:39:50.000;10-Jul-2007 12:38:38.000;10-Jul-2007 12:38:54.000;1.5442405939;0.1979519576;C4.1;0;C1.1*;;0;nan;/Users/wheatley/Documents/Solar/occulted_flares/data/dat_files;/Users/wheatley/Documents/Solar/occulted_flares/data/;/xrs2007191;nan;nan;list_matches_chisq_fit_high.csv;52.5961065107;      4.24494
10020621;06-Feb-2010 15:29:58.000;06-Feb-2010 15:35:18.000;06-Feb-2010 15:37:19.000;06-Feb-2010 15:37:35.000;1.2884585857;0.0988494754;C1.8;0;B1.3;;0;nan;/Users/wheatley/Documents/Solar/occulted_flares/data/dat_files;/Users/wheatley/Documents/Solar/occulted_flares/data/;/xrs2010037;nan;nan;list_matches_chisq_fit_high.csv;38.2863106158;      8.87206
10020855;08-Feb-2010 13:41:22.000;08-Feb-2010 13:55:14.000;08-Feb-2010 13:48:43.000;08-Feb-2010 13:48:59.000;1.3720481396;0.4793899655;C9.3;0;B1.3;;0;nan;/Users/wheatley/Documents/Solar/occulted_flares/data/dat_files;/Users/wheatley/Documents/Solar/occulted_flares/data/;/xrs2010039;nan;nan;list_matches_chisq_fit_high.csv;42.9526341053;      9.95846
10110321;03-Nov-2010 12:11:43.000;03-Nov-2010 12:17:14.000;03-Nov-2010 12:19:04.000;03-Nov-2010 12:19:20.000;1.555767417;0.6588686109;M1.4;0;B4.7*;;0;nan;/Users/wheatley/Documents/Solar/occulted_flares/data/dat_files;/Users/wheatley/Documents/Solar/occulted_flares/data/;/xrs2010307;nan;nan;list_matches_chisq_fit_high.csv;102.0155007744;      8.13167
10110640;06-Nov-2010 15:31:53.000;06-Nov-2010 16:25:50.000;06-Nov-2010 15:39:14.000;06-Nov-2010 15:39:30.000;1.4588469267;1.03518188;M2.1;0;C8.2;;0;nan;/Users/wheatley/Documents/Solar/occulted_flares/data/dat_files;/Users/wheatley/Documents/Solar/occulted_flares/data/;/xrs2010310;nan;nan;list_matches_chisq_fit_high.csv;96.7017449055;      6.83105
11021464;14-Feb-2011 15:41:43.000;14-Feb-2011 16:04:34.000;14-Feb-2011 15:52:50.000;14-Feb-2011 15:53:06.000;1.3340886831;0.4026483893;C7.7;0;B2.2;;0;nan;/Users/wheatley/Documents/Solar/occulted_flares/data/dat_files;/Users/wheatley/Documents/Solar/occulted_flares/data/;/xrs2011045;nan;nan;list_matches_chisq_fit_high.csv;153.900590065;      8.90658
11021439;14-Feb-2011 15:41:43.000;14-Feb-2011 16:27:38.000;14-Feb-2011 15:52:50.000;14-Feb-2011 15:53:06.000;1.3778856993;0.6024743915;M1.2;0;B7.8;;0;nan;/Users/wheatley/Documents/Solar/occulted_flares/data/dat_files;/Users/wheatley/Documents/Solar/occulted_flares/data/;/xrs2011045;nan;nan;list_matches_chisq_fit_high.csv;153.900590065;      25.4983
11021465;14-Feb-2011 15:41:43.000;14-Feb-2011 16:30:34.000;14-Feb-2011 15:52:50.000;14-Feb-2011 15:53:06.000;1.3962745667;0.5931906104;M1.2;0;;;0;nan;/Users/wheatley/Documents/Solar/occulted_flares/data/dat_files;/Users/wheatley/Documents/Solar/occulted_flares/data/;/xrs2011045;nan;nan;list_matches_chisq_fit_high.csv;153.900590065;      9.51025
11021908;19-Feb-2011 02:56:59.000;19-Feb-2011 02:09:22.000;19-Feb-2011 03:00:36.000;19-Feb-2011 03:00:52.000;1.3591624498;0.0705767497;C1.4;0;;;0;nan;/Users/wheatley/Documents/Solar/occulted_flares/data/dat_files;/Users/wheatley/Documents/Solar/occulted_flares/data/;/xrs2011050;nan;nan;list_matches_chisq_fit_high.csv;161.0185399081;      5.39995
11021975;19-Feb-2011 11:49:29.000;19-Feb-2011 11:35:34.000;19-Feb-2011 12:00:36.000;19-Feb-2011 12:00:52.000;1.2179546356;0.1436740458;C2.6;0;B2.7;;0;nan;/Users/wheatley/Documents/Solar/occulted_flares/data/dat_files;/Users/wheatley/Documents/Solar/occulted_flares/data/;/xrs2011050;nan;nan;list_matches_chisq_fit_high.csv;161.0185399081;      8.57491
11021935;19-Feb-2011 11:49:29.000;19-Feb-2011 11:48:06.000;19-Feb-2011 12:00:36.000;19-Feb-2011 12:00:52.000;1.19863379;0.197963044;C3.5;0;C1.0;;0;nan;/Users/wheatley/Documents/Solar/occulted_flares/data/dat_files;/Users/wheatley/Documents/Solar/occulted_flares/data/;/xrs2011050;nan;nan;list_matches_chisq_fit_high.csv;161.0185399081;      9.95019
11021937;19-Feb-2011 11:49:29.000;19-Feb-2011 12:24:42.000;19-Feb-2011 12:00:36.000;19-Feb-2011 12:00:52.000;1.2826601267;0.1110583842;C2.1;0;C1.1*;;0;nan;/Users/wheatley/Documents/Solar/occulted_flares/data/dat_files;/Users/wheatley/Documents/Solar/occulted_flares/data/;/xrs2011050;nan;nan;list_matches_chisq_fit_high.csv;161.0185399081;      6.30507
11022407;24-Feb-2011 07:27:18.000;24-Feb-2011 07:32:18.000;24-Feb-2011 07:38:24.000;24-Feb-2011 07:38:40.000;1.5653676987;0.8364405036;M1.8;0;;;0;nan;/Users/wheatley/Documents/Solar/occulted_flares/data/dat_files;/Users/wheatley/Documents/Solar/occulted_flares/data/;/xrs2011055;nan;nan;list_matches_chisq_fit_high.csv;167.7618264709;      18.4356
11030656;06-Mar-2011 18:12:57.000;06-Mar-2011 17:58:10.000;06-Mar-2011 18:16:33.000;06-Mar-2011 18:16:49.000;1.5662633181;2.5038540363;M5.3;0;;;0;nan;/Users/wheatley/Documents/Solar/occulted_flares/data/dat_files;/Users/wheatley/Documents/Solar/occulted_flares/data/;/xrs2011065;nan;nan;list_matches_chisq_fit_high.csv;152.3561477913;      24.9692
11041649;16-Apr-2011 13:53:21.000;16-Apr-2011 14:06:30.000;16-Apr-2011 14:04:28.000;16-Apr-2011 14:04:44.000;1.4730812311;0.2597445548;C5.3;0;C2.1;;0;nan;/Users/wheatley/Documents/Solar/occulted_flares/data/dat_files;/Users/wheatley/Documents/Solar/occulted_flares/data/;/xrs2011106;nan;nan;list_matches_chisq_fit_high.csv;11.3798615485;      8.17663
11042276;22-Apr-2011 04:38:02.000;22-Apr-2011 04:47:58.000;22-Apr-2011 04:52:53.000;22-Apr-2011 04:53:09.000;1.2313417196;0.0771585479;C1.4;0;C1.1;;0;nan;/Users/wheatley/Documents/Solar/occulted_flares/data/dat_files;/Users/wheatley/Documents/Solar/occulted_flares/data/;/xrs2011112;nan;nan;list_matches_chisq_fit_high.csv;20.2938585519;      2.53446
11042235;22-Apr-2011 11:19:47.000;22-Apr-2011 11:24:18.000;22-Apr-2011 11:23:23.000;22-Apr-2011 11:23:39.000;1.3983724117;0.1256662458;C2.5;0;B8.4;;0;nan;/Users/wheatley/Documents/Solar/occulted_flares/data/dat_files;/Users/wheatley/Documents/Solar/occulted_flares/data/;/xrs2011112;nan;nan;list_matches_chisq_fit_high.csv;20.2938585519;      7.68835
11072842;28-Jul-2011 12:05:44.000;28-Jul-2011 12:09:38.000;28-Jul-2011 12:09:21.000;28-Jul-2011 12:09:37.000;1.2881914377;0.0761346295;C1.4;0;;;0;nan;/Users/wheatley/Documents/Solar/occulted_flares/data/dat_files;/Users/wheatley/Documents/Solar/occulted_flares/data/;/xrs2011209;nan;nan;list_matches_chisq_fit_high.csv;59.4525448254;      3.17781
11080832;08-Aug-2011 18:01:03.000;08-Aug-2011 18:27:34.000;08-Aug-2011 18:08:25.000;08-Aug-2011 18:08:41.000;1.2741776705;0.2832275033;C5.3;0;B1.2;;0;nan;/Users/wheatley/Documents/Solar/occulted_flares/data/dat_files;/Users/wheatley/Documents/Solar/occulted_flares/data/;/xrs2011220;nan;nan;list_matches_chisq_fit_high.csv;40.291304406;      14.6825
11080927;09-Aug-2011 07:56:50.000;09-Aug-2011 08:04:34.000;09-Aug-2011 08:06:23.000;09-Aug-2011 08:06:39.000;1.4602558613;0.0894891843;C1.8;0;B2.7;;0;nan;/Users/wheatley/Documents/Solar/occulted_flares/data/dat_files;/Users/wheatley/Documents/Solar/occulted_flares/data/;/xrs2011221;nan;nan;list_matches_chisq_fit_high.csv;38.4035311263;      7.83183
11080927;09-Aug-2011 08:10:42.000;09-Aug-2011 08:04:34.000;09-Aug-2011 08:11:23.000;09-Aug-2011 08:11:39.000;1.3318352699;0.1510856748;C2.9;0;B7.2;;0;nan;/Users/wheatley/Documents/Solar/occulted_flares/data/dat_files;/Users/wheatley/Documents/Solar/occulted_flares/data/;/xrs2011221;nan;nan;list_matches_chisq_fit_high.csv;38.4035311263;      9.12688
11091009;10-Sep-2011 07:22:07.000;10-Sep-2011 07:26:30.000;10-Sep-2011 07:27:49.000;10-Sep-2011 07:28:05.000;1.3098466396;0.0941132084;C1.8;0;B5.2*;;0;nan;/Users/wheatley/Documents/Solar/occulted_flares/data/dat_files;/Users/wheatley/Documents/Solar/occulted_flares/data/;/xrs2011253;nan;nan;list_matches_chisq_fit_high.csv;83.308947348;      1.83743
11091327;13-Sep-2011 17:48:30.000;13-Sep-2011 17:54:06.000;13-Sep-2011 17:55:52.000;13-Sep-2011 17:56:08.000;1.3468610048;0.2531744242;C4.9;0;;;0;nan;/Users/wheatley/Documents/Solar/occulted_flares/data/dat_files;/Users/wheatley/Documents/Solar/occulted_flares/data/;/xrs2011256;nan;nan;list_matches_chisq_fit_high.csv;98.4578740143;      3.56943
11091670;16-Sep-2011 11:32:47.000;16-Sep-2011 10:37:42.000;16-Sep-2011 11:35:08.000;16-Sep-2011 11:35:24.000;1.3568305969;0.2339646667;C4.5;0;C1.1;;0;nan;/Users/wheatley/Documents/Solar/occulted_flares/data/dat_files;/Users/wheatley/Documents/Solar/occulted_flares/data/;/xrs2011259;nan;nan;list_matches_chisq_fit_high.csv;112.6299806432;      5.95200
11091951;19-Sep-2011 04:30:25.000;19-Sep-2011 05:26:26.000;19-Sep-2011 04:31:06.000;19-Sep-2011 04:31:22.000;1.6889802217;0.5748508573;M1.3;0;C2.2*;;0;nan;/Users/wheatley/Documents/Solar/occulted_flares/data/dat_files;/Users/wheatley/Documents/Solar/occulted_flares/data/;/xrs2011262;nan;nan;list_matches_chisq_fit_high.csv;125.423977903;      12.5439
11092032;20-Sep-2011 12:29:04.000;20-Sep-2011 12:38:10.000;20-Sep-2011 12:36:26.000;20-Sep-2011 12:36:42.000;1.4066596031;0.2817901969;C5.6;0;;;0;nan;/Users/wheatley/Documents/Solar/occulted_flares/data/dat_files;/Users/wheatley/Documents/Solar/occulted_flares/data/;/xrs2011263;nan;nan;list_matches_chisq_fit_high.csv;129.3465257927;      12.5946
11092066;20-Sep-2011 12:29:04.000;20-Sep-2011 13:01:18.000;20-Sep-2011 12:36:26.000;20-Sep-2011 12:36:42.000;1.3565245867;0.4428783357;C8.6;0;C2.2;;0;nan;/Users/wheatley/Documents/Solar/occulted_flares/data/dat_files;/Users/wheatley/Documents/Solar/occulted_flares/data/;/xrs2011263;nan;nan;list_matches_chisq_fit_high.csv;129.3465257927;      12.4206
110921100;21-Sep-2011 12:08:22.000;21-Sep-2011 12:33:42.000;21-Sep-2011 12:20:44.000;21-Sep-2011 12:21:00.000;1.1630961895;0.1227523088;C2.1;0;C3.4;;0;nan;/Users/wheatley/Documents/Solar/occulted_flares/data/dat_files;/Users/wheatley/Documents/Solar/occulted_flares/data/;/xrs2011264;nan;nan;list_matches_chisq_fit_high.csv;133.0923154385;      4.21066
11092515;25-Sep-2011 06:52:42.000;25-Sep-2011 07:29:42.000;25-Sep-2011 07:05:03.000;25-Sep-2011 07:05:19.000;1.1493890285;0.1379377395;C2.4;0;;;0;nan;/Users/wheatley/Documents/Solar/occulted_flares/data/dat_files;/Users/wheatley/Documents/Solar/occulted_flares/data/;/xrs2011268;nan;nan;list_matches_chisq_fit_high.csv;146.2802277132;      3.41470
11092517;25-Sep-2011 08:37:42.000;25-Sep-2011 08:19:58.000;25-Sep-2011 08:40:03.000;25-Sep-2011 08:40:19.000;1.4716897011;0.5200287104;M1.1;0;B1.5;;0;nan;/Users/wheatley/Documents/Solar/occulted_flares/data/dat_files;/Users/wheatley/Documents/Solar/occulted_flares/data/;/xrs2011268;nan;nan;list_matches_chisq_fit_high.csv;146.2802277132;      25.9635
11092520;25-Sep-2011 08:37:42.000;25-Sep-2011 09:31:30.000;25-Sep-2011 08:40:03.000;25-Sep-2011 08:40:19.000;1.3179060221;0.4003646076;C7.6;0;;;0;nan;/Users/wheatley/Documents/Solar/occulted_flares/data/dat_files;/Users/wheatley/Documents/Solar/occulted_flares/data/;/xrs2011268;nan;nan;list_matches_chisq_fit_high.csv;146.2802277132;      4.76542
11092520;25-Sep-2011 09:27:42.000;25-Sep-2011 09:31:30.000;25-Sep-2011 09:40:03.000;25-Sep-2011 09:40:19.000;1.2131898403;0.1172475144;C2.1;0;;;0;nan;/Users/wheatley/Documents/Solar/occulted_flares/data/dat_files;/Users/wheatley/Documents/Solar/occulted_flares/data/;/xrs2011268;nan;nan;list_matches_chisq_fit_high.csv;146.2802277132;      2.21755
11092520;25-Sep-2011 10:27:42.000;25-Sep-2011 09:31:30.000;25-Sep-2011 10:30:03.000;25-Sep-2011 10:30:19.000;1.2747217417;0.0806422606;C1.5;0;C8.8;;0;nan;/Users/wheatley/Documents/Solar/occulted_flares/data/dat_files;/Users/wheatley/Documents/Solar/occulted_flares/data/;/xrs2011268;nan;nan;list_matches_chisq_fit_high.csv;146.2802277132;      1.46496
11092521;25-Sep-2011 10:27:42.000;25-Sep-2011 10:41:06.000;25-Sep-2011 10:30:03.000;25-Sep-2011 10:30:19.000;1.3915741444;0.0821140334;C1.6;0;B6.5;;0;nan;/Users/wheatley/Documents/Solar/occulted_flares/data/dat_files;/Users/wheatley/Documents/Solar/occulted_flares/data/;/xrs2011268;nan;nan;list_matches_chisq_fit_high.csv;146.2802277132;      4.32740
11092524;25-Sep-2011 15:00:17.000;25-Sep-2011 15:32:34.000;25-Sep-2011 15:12:38.000;25-Sep-2011 15:12:54.000;1.2404863834;0.0809841752;C1.5;0;B7.7;;0;nan;/Users/wheatley/Documents/Solar/occulted_flares/data/dat_files;/Users/wheatley/Documents/Solar/occulted_flares/data/;/xrs2011268;nan;nan;list_matches_chisq_fit_high.csv;146.2802277132;      3.49879
11092524;25-Sep-2011 16:10:17.000;25-Sep-2011 15:32:34.000;25-Sep-2011 16:17:38.000;25-Sep-2011 16:17:54.000;1.5903096199;0.1196769103;C2.6;0;C2.4;;0;nan;/Users/wheatley/Documents/Solar/occulted_flares/data/dat_files;/Users/wheatley/Documents/Solar/occulted_flares/data/;/xrs2011268;nan;nan;list_matches_chisq_fit_high.csv;146.2802277132;      10.8838
11092562;25-Sep-2011 15:00:17.000;25-Sep-2011 15:40:38.000;25-Sep-2011 15:12:38.000;25-Sep-2011 15:12:54.000;1.4577932358;0.1806327254;C3.7;0;B8.5;;0;nan;/Users/wheatley/Documents/Solar/occulted_flares/data/dat_files;/Users/wheatley/Documents/Solar/occulted_flares/data/;/xrs2011268;nan;nan;list_matches_chisq_fit_high.csv;146.2802277132;      2.19414
11092562;25-Sep-2011 16:10:17.000;25-Sep-2011 15:40:38.000;25-Sep-2011 16:17:38.000;25-Sep-2011 16:17:54.000;1.4824975729;0.3455549479;C7.1;0;;;0;nan;/Users/wheatley/Documents/Solar/occulted_flares/data/dat_files;/Users/wheatley/Documents/Solar/occulted_flares/data/;/xrs2011268;nan;nan;list_matches_chisq_fit_high.csv;146.2802277132;      9.60897
11092549;25-Sep-2011 16:10:17.000;25-Sep-2011 17:03:50.000;25-Sep-2011 16:17:38.000;25-Sep-2011 16:17:54.000;1.3899917603;0.0728841349;C1.4;0;;;0;nan;/Users/wheatley/Documents/Solar/occulted_flares/data/dat_files;/Users/wheatley/Documents/Solar/occulted_flares/data/;/xrs2011268;nan;nan;list_matches_chisq_fit_high.csv;146.2802277132;      3.81187
11092537;25-Sep-2011 22:15:17.000;25-Sep-2011 22:31:30.000;25-Sep-2011 22:22:38.000;25-Sep-2011 22:22:54.000;1.5119558573;0.2512727976;C5.2;0;C3.2*;;0;nan;/Users/wheatley/Documents/Solar/occulted_flares/data/dat_files;/Users/wheatley/Documents/Solar/occulted_flares/data/;/xrs2011268;nan;nan;list_matches_chisq_fit_high.csv;146.2802277132;      27.6501
11092930;29-Sep-2011 12:07:51.000;29-Sep-2011 12:46:26.000;29-Sep-2011 12:10:13.000;29-Sep-2011 12:10:29.000;1.3043304682;0.1909969002;C3.6;0;C1.5*;;0;nan;/Users/wheatley/Documents/Solar/occulted_flares/data/dat_files;/Users/wheatley/Documents/Solar/occulted_flares/data/;/xrs2011272;nan;nan;list_matches_chisq_fit_high.csv;156.4448786627;      3.87278
11093009;30-Sep-2011 03:10:04.000;30-Sep-2011 03:58:42.000;30-Sep-2011 03:12:25.000;30-Sep-2011 03:12:41.000;1.2919317484;0.0989672542;C1.9;0;C1.5*;;0;nan;/Users/wheatley/Documents/Solar/occulted_flares/data/dat_files;/Users/wheatley/Documents/Solar/occulted_flares/data/;/xrs2011273;nan;nan;list_matches_chisq_fit_high.csv;158.4469361776;      2.88370
11093035;30-Sep-2011 22:38:27.000;30-Sep-2011 22:07:30.000;30-Sep-2011 22:49:08.000;30-Sep-2011 22:49:24.000;1.7093330622;0.2593053281;C5.8;0;B5.3;;0;nan;/Users/wheatley/Documents/Solar/occulted_flares/data/dat_files;/Users/wheatley/Documents/Solar/occulted_flares/data/;/xrs2011273;nan;nan;list_matches_chisq_fit_high.csv;158.4469361776;      11.4780
11101717;17-Oct-2011 13:22:24.000;17-Oct-2011 14:06:02.000;17-Oct-2011 13:23:06.000;17-Oct-2011 13:23:22.000;1.249350071;0.1102545261;C2.0;0;B3.5*;;0;nan;/Users/wheatley/Documents/Solar/occulted_flares/data/dat_files;/Users/wheatley/Documents/Solar/occulted_flares/data/;/xrs2011290;nan;nan;list_matches_chisq_fit_high.csv;152.8517900928;      1.81117
11101717;17-Oct-2011 14:17:24.000;17-Oct-2011 14:06:02.000;17-Oct-2011 14:21:26.000;17-Oct-2011 14:21:42.000;1.433681488;0.1784595102;C3.6;0;C3.3;;0;nan;/Users/wheatley/Documents/Solar/occulted_flares/data/dat_files;/Users/wheatley/Documents/Solar/occulted_flares/data/;/xrs2011290;nan;nan;list_matches_chisq_fit_high.csv;152.8517900928;      5.16772
11110332;03-Nov-2011 11:02:05.000;03-Nov-2011 11:14:30.000;03-Nov-2011 11:09:26.000;03-Nov-2011 11:09:42.000;1.3086724281;0.0929208249;C1.8;0;C1.7;;0;nan;/Users/wheatley/Documents/Solar/occulted_flares/data/dat_files;/Users/wheatley/Documents/Solar/occulted_flares/data/;/xrs2011307;nan;nan;list_matches_chisq_fit_high.csv;123.8964728095;      2.22169
11110640;06-Nov-2011 01:01:57.000;06-Nov-2011 00:49:30.000;06-Nov-2011 01:09:18.000;06-Nov-2011 01:09:34.000;1.2645684481;0.1502333432;C2.8;0;B3.2;;0;nan;/Users/wheatley/Documents/Solar/occulted_flares/data/dat_files;/Users/wheatley/Documents/Solar/occulted_flares/data/;/xrs2011310;nan;nan;list_matches_chisq_fit_high.csv;117.7656952283;      5.82795
11111536;15-Nov-2011 12:38:09.000;15-Nov-2011 12:42:02.000;15-Nov-2011 12:45:30.000;15-Nov-2011 12:45:46.000;1.1699911356;0.3690984249;C6.4;0;B7.2;;0;nan;/Users/wheatley/Documents/Solar/occulted_flares/data/dat_files;/Users/wheatley/Documents/Solar/occulted_flares/data/;/xrs2011319;nan;nan;list_matches_chisq_fit_high.csv;95.6469394155;      3.51377
11121368;13-Dec-2011 23:31:16.000;13-Dec-2011 23:56:42.000;13-Dec-2011 23:38:37.000;13-Dec-2011 23:38:53.000;1.8291710615;0.1971658021;C4.6;0;C2.5*;;0;nan;/Users/wheatley/Documents/Solar/occulted_flares/data/dat_files;/Users/wheatley/Documents/Solar/occulted_flares/data/;/xrs2011347;nan;nan;list_matches_chisq_fit_high.csv;35.6037803757;      4.50516
11122512;25-Dec-2011 11:23:59.000;25-Dec-2011 11:24:38.000;25-Dec-2011 11:26:21.000;25-Dec-2011 11:26:37.000;1.2467366457;0.1159980148;C2.1;0;C1.2;;0;nan;/Users/wheatley/Documents/Solar/occulted_flares/data/dat_files;/Users/wheatley/Documents/Solar/occulted_flares/data/;/xrs2011359;nan;nan;list_matches_chisq_fit_high.csv;79.4920740749;      3.04287
11122524;25-Dec-2011 18:13:35.000;25-Dec-2011 18:18:22.000;25-Dec-2011 18:15:57.000;25-Dec-2011 18:16:13.000;1.5495017767;0.6932277083;M1.5;0;C1.1*;;0;nan;/Users/wheatley/Documents/Solar/occulted_flares/data/dat_files;/Users/wheatley/Documents/Solar/occulted_flares/data/;/xrs2011359;nan;nan;list_matches_chisq_fit_high.csv;79.4920740749;      10.5523
11122525;25-Dec-2011 20:23:35.000;25-Dec-2011 20:27:54.000;25-Dec-2011 20:30:57.000;25-Dec-2011 20:31:13.000;1.77115798;0.8768524528;M2.0;0;C4.9;;0;nan;/Users/wheatley/Documents/Solar/occulted_flares/data/dat_files;/Users/wheatley/Documents/Solar/occulted_flares/data/;/xrs2011359;nan;nan;list_matches_chisq_fit_high.csv;79.4920740749;      11.6046
11122643;26-Dec-2011 20:13:02.000;26-Dec-2011 20:18:02.000;26-Dec-2011 20:20:24.000;26-Dec-2011 20:20:40.000;1.4604045153;0.5959365368;M1.2;0;;;0;nan;/Users/wheatley/Documents/Solar/occulted_flares/data/dat_files;/Users/wheatley/Documents/Solar/occulted_flares/data/;/xrs2011360;nan;nan;list_matches_chisq_fit_high.csv;82.376318258;      8.79299
11122744;27-Dec-2011 19:22:13.000;27-Dec-2011 18:35:54.000;27-Dec-2011 19:29:34.000;27-Dec-2011 19:29:50.000;1.332182765;0.0693848804;C1.3;0;;;0;nan;/Users/wheatley/Documents/Solar/occulted_flares/data/dat_files;/Users/wheatley/Documents/Solar/occulted_flares/data/;/xrs2011361;nan;nan;list_matches_chisq_fit_high.csv;85.1587568781;      2.83948
11123058;30-Dec-2011 20:20:13.000;30-Dec-2011 19:46:38.000;30-Dec-2011 20:22:34.000;30-Dec-2011 20:22:50.000;1.3338359594;0.1025778428;C2.0;0;;;0;nan;/Users/wheatley/Documents/Solar/occulted_flares/data/dat_files;/Users/wheatley/Documents/Solar/occulted_flares/data/;/xrs2011364;nan;nan;list_matches_chisq_fit_high.csv;92.9524570124;      3.52851
11123041;30-Dec-2011 20:20:13.000;30-Dec-2011 21:08:38.000;30-Dec-2011 20:22:34.000;30-Dec-2011 20:22:50.000;1.2334953547;0.1832717657;C3.3;0;C1.5;;0;nan;/Users/wheatley/Documents/Solar/occulted_flares/data/dat_files;/Users/wheatley/Documents/Solar/occulted_flares/data/;/xrs2011364;nan;nan;list_matches_chisq_fit_high.csv;92.9524570124;      2.16674
12011110;11-Jan-2012 04:44:15.000;11-Jan-2012 04:52:58.000;11-Jan-2012 04:46:36.000;11-Jan-2012 04:46:52.000;1.3782215118;0.0892607868;C1.7;0;B9.5;;0;nan;/Users/wheatley/Documents/Solar/occulted_flares/data/dat_files;/Users/wheatley/Documents/Solar/occulted_flares/data/;/xrs2012011;nan;nan;list_matches_chisq_fit_high.csv;118.3401010867;      2.53852
12011632;16-Jan-2012 10:24:04.000;16-Jan-2012 10:36:22.000;16-Jan-2012 10:26:25.000;16-Jan-2012 10:26:41.000;1.0813049078;0.2990891039;C4.9;0;B1.1;;0;nan;/Users/wheatley/Documents/Solar/occulted_flares/data/dat_files;/Users/wheatley/Documents/Solar/occulted_flares/data/;/xrs2012016;nan;nan;list_matches_chisq_fit_high.csv;127.3954631452;      3.15194
12031302;13-Mar-2012 00:35:27.000;13-Mar-2012 00:35:18.000;13-Mar-2012 00:37:48.000;13-Mar-2012 00:38:04.000;1.3217105865;0.3264551759;C6.2;0;;;0;nan;/Users/wheatley/Documents/Solar/occulted_flares/data/dat_files;/Users/wheatley/Documents/Solar/occulted_flares/data/;/xrs2012073;nan;nan;list_matches_chisq_fit_high.csv;38.0467680466;      12.1057
12032316;23-Mar-2012 16:36:26.000;23-Mar-2012 16:38:14.000;23-Mar-2012 16:38:48.000;23-Mar-2012 16:39:04.000;1.3039057255;0.0458441935;B8.6;0;B3.3;;0;nan;/Users/wheatley/Documents/Solar/occulted_flares/data/dat_files;/Users/wheatley/Documents/Solar/occulted_flares/data/;/xrs2012083;nan;nan;list_matches_chisq_fit_high.csv;10.094243968;      3.52592
12032335;23-Mar-2012 16:36:26.000;23-Mar-2012 16:44:58.000;23-Mar-2012 16:38:48.000;23-Mar-2012 16:39:04.000;1.3669937849;0.0541812964;C1.1;0;B5.1;;0;nan;/Users/wheatley/Documents/Solar/occulted_flares/data/dat_files;/Users/wheatley/Documents/Solar/occulted_flares/data/;/xrs2012083;nan;nan;list_matches_chisq_fit_high.csv;10.094243968;      5.64802
12032319;23-Mar-2012 19:36:26.000;23-Mar-2012 18:51:38.000;23-Mar-2012 19:38:48.000;23-Mar-2012 19:39:04.000;1.2746186256;0.1219595596;C2.3;0;C1.6;;0;nan;/Users/wheatley/Documents/Solar/occulted_flares/data/dat_files;/Users/wheatley/Documents/Solar/occulted_flares/data/;/xrs2012083;nan;nan;list_matches_chisq_fit_high.csv;10.094243968;      6.18516
12032321;23-Mar-2012 19:36:26.000;23-Mar-2012 19:47:14.000;23-Mar-2012 19:38:48.000;23-Mar-2012 19:39:04.000;1.6618163586;0.9403415322;M2.1;0;B4.1;;0;nan;/Users/wheatley/Documents/Solar/occulted_flares/data/dat_files;/Users/wheatley/Documents/Solar/occulted_flares/data/;/xrs2012083;nan;nan;list_matches_chisq_fit_high.csv;10.094243968;      15.9059
12042719;27-Apr-2012 08:20:23.000;27-Apr-2012 08:22:18.000;27-Apr-2012 08:21:54.000;27-Apr-2012 08:22:10.000;1.2659599781;0.064031139;C1.2;0;B2.2;;0;nan;/Users/wheatley/Documents/Solar/occulted_flares/data/dat_files;/Users/wheatley/Documents/Solar/occulted_flares/data/;/xrs2012118;nan;nan;list_matches_chisq_fit_high.csv;66.3642681883;      1.29927
120507104;07-May-2012 14:10:54.000;07-May-2012 14:26:30.000;07-May-2012 14:22:26.000;07-May-2012 14:22:42.000;1.4116450548;0.3483656049;C6.9;0;C1.0;;0;nan;/Users/wheatley/Documents/Solar/occulted_flares/data/dat_files;/Users/wheatley/Documents/Solar/occulted_flares/data/;/xrs2012128;nan;nan;list_matches_chisq_fit_high.csv;88.384379989;      11.6589
12051307;13-May-2012 04:04:01.000;13-May-2012 04:05:58.000;13-May-2012 04:07:38.000;13-May-2012 04:07:54.000;1.451911211;0.1888237298;C3.8;0;C2.2;;0;nan;/Users/wheatley/Documents/Solar/occulted_flares/data/dat_files;/Users/wheatley/Documents/Solar/occulted_flares/data/;/xrs2012134;nan;nan;list_matches_chisq_fit_high.csv;105.8212779672;      8.03856
12052537;25-May-2012 22:23:06.000;25-May-2012 22:09:30.000;25-May-2012 22:34:37.000;25-May-2012 22:34:53.000;1.6317859888;0.9742012024;M2.1;0;C1.1*;;0;nan;/Users/wheatley/Documents/Solar/occulted_flares/data/dat_files;/Users/wheatley/Documents/Solar/occulted_flares/data/;/xrs2012146;nan;nan;list_matches_chisq_fit_high.csv;154.9642817739;      9.57677
12062521;25-Jun-2012 18:15:09.000;25-Jun-2012 18:33:34.000;25-Jun-2012 18:26:16.000;25-Jun-2012 18:26:32.000;1.5534217358;0.0763866827;C1.6;0;C1.3*;;0;nan;/Users/wheatley/Documents/Solar/occulted_flares/data/dat_files;/Users/wheatley/Documents/Solar/occulted_flares/data/;/xrs2012177;nan;nan;list_matches_chisq_fit_high.csv;80.2310816255;      5.10624
12062512;25-Jun-2012 18:15:09.000;25-Jun-2012 19:02:30.000;25-Jun-2012 18:26:16.000;25-Jun-2012 18:26:32.000;1.2190562487;0.2213196307;C4.0;0;;;0;nan;/Users/wheatley/Documents/Solar/occulted_flares/data/dat_files;/Users/wheatley/Documents/Solar/occulted_flares/data/;/xrs2012177;nan;nan;list_matches_chisq_fit_high.csv;80.2310816255;      12.2259
12062905;29-Jun-2012 01:18:01.000;29-Jun-2012 01:24:14.000;29-Jun-2012 01:21:38.000;29-Jun-2012 01:21:54.000;1.3895549774;0.2696772814;C5.3;0;C1.4;;0;nan;/Users/wheatley/Documents/Solar/occulted_flares/data/dat_files;/Users/wheatley/Documents/Solar/occulted_flares/data/;/xrs2012181;nan;nan;list_matches_chisq_fit_high.csv;71.9004788553;      3.89471
12062966;29-Jun-2012 04:10:31.000;29-Jun-2012 04:14:06.000;29-Jun-2012 04:14:08.000;29-Jun-2012 04:14:24.000;2.0290155411;0.8483310342;M2.1;0;C1.2;;0;nan;/Users/wheatley/Documents/Solar/occulted_flares/data/dat_files;/Users/wheatley/Documents/Solar/occulted_flares/data/;/xrs2012181;nan;nan;list_matches_chisq_fit_high.csv;71.9004788553;      7.89829
12062922;29-Jun-2012 06:44:41.000;29-Jun-2012 07:02:58.000;29-Jun-2012 06:46:13.000;29-Jun-2012 06:46:29.000;1.5657784939;0.3658488691;C7.7;0;C1.5;;0;nan;/Users/wheatley/Documents/Solar/occulted_flares/data/dat_files;/Users/wheatley/Documents/Solar/occulted_flares/data/;/xrs2012181;nan;nan;list_matches_chisq_fit_high.csv;71.9004788553;      16.7961
12070139;01-Jul-2012 15:43:07.000;01-Jul-2012 15:19:18.000;01-Jul-2012 15:49:18.000;01-Jul-2012 15:49:34.000;1.7137101889;1.307546258;M2.9;0;B4.5*;;0;nan;/Users/wheatley/Documents/Solar/occulted_flares/data/dat_files;/Users/wheatley/Documents/Solar/occulted_flares/data/;/xrs2012183;nan;nan;list_matches_chisq_fit_high.csv;68.0502714379;      38.0098
12070141;01-Jul-2012 15:43:07.000;01-Jul-2012 16:07:22.000;01-Jul-2012 15:49:18.000;01-Jul-2012 15:49:34.000;1.3162747622;0.7462505102;M1.4;0;B6.9;;0;nan;/Users/wheatley/Documents/Solar/occulted_flares/data/dat_files;/Users/wheatley/Documents/Solar/occulted_flares/data/;/xrs2012183;nan;nan;list_matches_chisq_fit_high.csv;68.0502714379;      18.8112
12070143;01-Jul-2012 15:43:07.000;01-Jul-2012 16:41:30.000;01-Jul-2012 15:49:18.000;01-Jul-2012 15:49:34.000;1.3594709635;0.0773595273;C1.5;0;C2.6;;0;nan;/Users/wheatley/Documents/Solar/occulted_flares/data/dat_files;/Users/wheatley/Documents/Solar/occulted_flares/data/;/xrs2012183;nan;nan;list_matches_chisq_fit_high.csv;68.0502714379;      3.91564
12070152;01-Jul-2012 19:11:07.000;01-Jul-2012 19:18:34.000;01-Jul-2012 19:14:43.000;01-Jul-2012 19:14:59.000;1.2176400423;0.2664133012;C4.8;0;B6.7;;0;nan;/Users/wheatley/Documents/Solar/occulted_flares/data/dat_files;/Users/wheatley/Documents/Solar/occulted_flares/data/;/xrs2012183;nan;nan;list_matches_chisq_fit_high.csv;68.0502714379;      6.33381
12070832;08-Jul-2012 12:53:45.000;08-Jul-2012 12:09:50.000;08-Jul-2012 13:04:52.000;08-Jul-2012 13:05:08.000;1.5267884731;0.7113370895;M1.5;0;;;0;nan;/Users/wheatley/Documents/Solar/occulted_flares/data/dat_files;/Users/wheatley/Documents/Solar/occulted_flares/data/;/xrs2012190;nan;nan;list_matches_chisq_fit_high.csv;55.6681840311;      38.4143
12070834;08-Jul-2012 12:53:45.000;08-Jul-2012 12:57:18.000;08-Jul-2012 13:04:52.000;08-Jul-2012 13:05:08.000;1.2585949898;0.1442145407;C2.7;0;;;0;nan;/Users/wheatley/Documents/Solar/occulted_flares/data/dat_files;/Users/wheatley/Documents/Solar/occulted_flares/data/;/xrs2012190;nan;nan;list_matches_chisq_fit_high.csv;55.6681840311;      4.80250
12070851;08-Jul-2012 17:31:35.000;08-Jul-2012 17:32:30.000;08-Jul-2012 17:35:12.000;08-Jul-2012 17:35:28.000;1.1826354265;0.1292540133;C2.3;0;;;0;nan;/Users/wheatley/Documents/Solar/occulted_flares/data/dat_files;/Users/wheatley/Documents/Solar/occulted_flares/data/;/xrs2012190;nan;nan;list_matches_chisq_fit_high.csv;55.6681840311;      3.70722
12070855;08-Jul-2012 17:31:35.000;08-Jul-2012 18:31:14.000;08-Jul-2012 17:35:12.000;08-Jul-2012 17:35:28.000;1.4844975471;0.3760362864;C7.7;0;C4.7;;0;nan;/Users/wheatley/Documents/Solar/occulted_flares/data/dat_files;/Users/wheatley/Documents/Solar/occulted_flares/data/;/xrs2012190;nan;nan;list_matches_chisq_fit_high.csv;55.6681840311;      17.9387
12070965;09-Jul-2012 23:04:25.000;09-Jul-2012 22:09:26.000;09-Jul-2012 23:09:16.000;09-Jul-2012 23:09:32.000;1.6738679409;0.5779114366;M1.3;0;;;0;nan;/Users/wheatley/Documents/Solar/occulted_flares/data/dat_files;/Users/wheatley/Documents/Solar/occulted_flares/data/;/xrs2012191;nan;nan;list_matches_chisq_fit_high.csv;53.9908660599;      29.4399
12070993;09-Jul-2012 23:04:25.000;09-Jul-2012 23:34:42.000;09-Jul-2012 23:09:16.000;09-Jul-2012 23:09:32.000;1.2456599474;0.160289064;C2.9;0;;;0;nan;/Users/wheatley/Documents/Solar/occulted_flares/data/dat_files;/Users/wheatley/Documents/Solar/occulted_flares/data/;/xrs2012191;nan;nan;list_matches_chisq_fit_high.csv;53.9908660599;      8.40131
12071011;10-Jul-2012 04:32:24.000;10-Jul-2012 04:39:10.000;10-Jul-2012 04:40:36.000;10-Jul-2012 04:40:52.000;1.4303754568;0.530226469;M1.1;0;;;0;nan;/Users/wheatley/Documents/Solar/occulted_flares/data/dat_files;/Users/wheatley/Documents/Solar/occulted_flares/data/;/xrs2012192;nan;nan;list_matches_chisq_fit_high.csv;52.3267790844;      29.6629
12071011;10-Jul-2012 04:59:04.000;10-Jul-2012 04:39:10.000;10-Jul-2012 05:07:16.000;10-Jul-2012 05:07:32.000;1.358088851;0.0719891861;C1.4;0;;;0;nan;/Users/wheatley/Documents/Solar/occulted_flares/data/dat_files;/Users/wheatley/Documents/Solar/occulted_flares/data/;/xrs2012192;nan;nan;list_matches_chisq_fit_high.csv;52.3267790844;      8.61382
12071013;10-Jul-2012 06:12:24.000;10-Jul-2012 06:24:46.000;10-Jul-2012 06:23:56.000;10-Jul-2012 06:24:12.000;1.5421434641;0.3057173491;C6.4;0;C1.7;;0;nan;/Users/wheatley/Documents/Solar/occulted_flares/data/dat_files;/Users/wheatley/Documents/Solar/occulted_flares/data/;/xrs2012192;nan;nan;list_matches_chisq_fit_high.csv;52.3267790844;      6.39139
12071023;10-Jul-2012 12:19:04.000;10-Jul-2012 12:24:02.000;10-Jul-2012 12:23:56.000;10-Jul-2012 12:24:12.000;1.2898659706;0.1551274508;C2.9;0;C9.4;;0;nan;/Users/wheatley/Documents/Solar/occulted_flares/data/dat_files;/Users/wheatley/Documents/Solar/occulted_flares/data/;/xrs2012192;nan;nan;list_matches_chisq_fit_high.csv;52.3267790844;      4.76499
12071023;10-Jul-2012 12:39:04.000;10-Jul-2012 12:24:02.000;10-Jul-2012 12:43:56.000;10-Jul-2012 12:44:12.000;1.3884065151;0.0440460965;B8.6;0;C7.0;;0;nan;/Users/wheatley/Documents/Solar/occulted_flares/data/dat_files;/Users/wheatley/Documents/Solar/occulted_flares/data/;/xrs2012192;nan;nan;list_matches_chisq_fit_high.csv;52.3267790844;      1.60282
12071027;10-Jul-2012 12:39:04.000;10-Jul-2012 13:31:46.000;10-Jul-2012 12:43:56.000;10-Jul-2012 12:44:12.000;1.2456958294;0.1327394545;C2.4;0;;;0;nan;/Users/wheatley/Documents/Solar/occulted_flares/data/dat_files;/Users/wheatley/Documents/Solar/occulted_flares/data/;/xrs2012192;nan;nan;list_matches_chisq_fit_high.csv;52.3267790844;      3.31562
12071027;10-Jul-2012 13:42:24.000;10-Jul-2012 13:31:46.000;10-Jul-2012 13:43:56.000;10-Jul-2012 13:44:12.000;1.1933032274;0.1761788577;C3.1;0;;;0;nan;/Users/wheatley/Documents/Solar/occulted_flares/data/dat_files;/Users/wheatley/Documents/Solar/occulted_flares/data/;/xrs2012192;nan;nan;list_matches_chisq_fit_high.csv;52.3267790844;      5.74149
12071065;10-Jul-2012 13:42:24.000;10-Jul-2012 13:43:38.000;10-Jul-2012 13:43:56.000;10-Jul-2012 13:44:12.000;1.2757242918;0.0990514457;C1.8;0;;;0;nan;/Users/wheatley/Documents/Solar/occulted_flares/data/dat_files;/Users/wheatley/Documents/Solar/occulted_flares/data/;/xrs2012192;nan;nan;list_matches_chisq_fit_high.csv;52.3267790844;      2.39147
12071031;10-Jul-2012 15:42:24.000;10-Jul-2012 15:30:58.000;10-Jul-2012 15:47:16.000;10-Jul-2012 15:47:32.000;1.1889344454;0.1919443905;C3.4;0;B7.9;;0;nan;/Users/wheatley/Documents/Solar/occulted_flares/data/dat_files;/Users/wheatley/Documents/Solar/occulted_flares/data/;/xrs2012192;nan;nan;list_matches_chisq_fit_high.csv;52.3267790844;      4.88198
12071068;10-Jul-2012 15:42:24.000;10-Jul-2012 15:44:26.000;10-Jul-2012 15:47:16.000;10-Jul-2012 15:47:32.000;1.3752945662;0.2010876089;C3.9;0;M2.2;;0;nan;/Users/wheatley/Documents/Solar/occulted_flares/data/dat_files;/Users/wheatley/Documents/Solar/occulted_flares/data/;/xrs2012192;nan;nan;list_matches_chisq_fit_high.csv;52.3267790844;      16.5222
12071673;16-Jul-2012 19:39:19.000;16-Jul-2012 19:44:46.000;16-Jul-2012 19:50:51.000;16-Jul-2012 19:51:07.000;1.6067563295;0.1627286524;C3.5;0;;;0;nan;/Users/wheatley/Documents/Solar/occulted_flares/data/dat_files;/Users/wheatley/Documents/Solar/occulted_flares/data/;/xrs2012198;nan;nan;list_matches_chisq_fit_high.csv;42.4597219971;      14.6633
12071768;17-Jul-2012 15:18:00.000;17-Jul-2012 14:44:54.000;17-Jul-2012 15:29:31.000;17-Jul-2012 15:29:47.000;1.3076648712;0.198049441;C3.7;0;C2.7;;0;nan;/Users/wheatley/Documents/Solar/occulted_flares/data/dat_files;/Users/wheatley/Documents/Solar/occulted_flares/data/;/xrs2012199;nan;nan;list_matches_chisq_fit_high.csv;40.80992348;      6.79732
12071728;17-Jul-2012 15:18:00.000;17-Jul-2012 15:56:42.000;17-Jul-2012 15:29:31.000;17-Jul-2012 15:29:47.000;1.2005689144;0.1308795512;C2.3;0;X2.2;;0;nan;/Users/wheatley/Documents/Solar/occulted_flares/data/dat_files;/Users/wheatley/Documents/Solar/occulted_flares/data/;/xrs2012199;nan;nan;list_matches_chisq_fit_high.csv;40.80992348;      3.90001
12071728;17-Jul-2012 15:53:20.000;17-Jul-2012 15:56:42.000;17-Jul-2012 15:58:11.000;17-Jul-2012 15:58:27.000;1.3162158728;0.0849841088;C1.6;0;;;0;nan;/Users/wheatley/Documents/Solar/occulted_flares/data/dat_files;/Users/wheatley/Documents/Solar/occulted_flares/data/;/xrs2012199;nan;nan;list_matches_chisq_fit_high.csv;40.80992348;      4.04059
12071728;17-Jul-2012 16:33:20.000;17-Jul-2012 15:56:42.000;17-Jul-2012 16:48:11.000;17-Jul-2012 16:48:27.000;1.3289446831;0.1479135901;C2.8;0;C6.6*;;0;nan;/Users/wheatley/Documents/Solar/occulted_flares/data/dat_files;/Users/wheatley/Documents/Solar/occulted_flares/data/;/xrs2012199;nan;nan;list_matches_chisq_fit_high.csv;40.80992348;      5.71885
12071771;17-Jul-2012 15:18:00.000;17-Jul-2012 16:12:38.000;17-Jul-2012 15:29:31.000;17-Jul-2012 15:29:47.000;1.463134408;0.1154630631;C2.3;0;C6.6*;;0;nan;/Users/wheatley/Documents/Solar/occulted_flares/data/dat_files;/Users/wheatley/Documents/Solar/occulted_flares/data/;/xrs2012199;nan;nan;list_matches_chisq_fit_high.csv;40.80992348;      5.53718
12071771;17-Jul-2012 15:53:20.000;17-Jul-2012 16:12:38.000;17-Jul-2012 15:58:11.000;17-Jul-2012 15:58:27.000;1.1413390636;0.1587172598;C2.7;0;M1.1;;0;nan;/Users/wheatley/Documents/Solar/occulted_flares/data/dat_files;/Users/wheatley/Documents/Solar/occulted_flares/data/;/xrs2012199;nan;nan;list_matches_chisq_fit_high.csv;40.80992348;      2.58709
12071771;17-Jul-2012 16:33:20.000;17-Jul-2012 16:12:38.000;17-Jul-2012 16:48:11.000;17-Jul-2012 16:48:27.000;1.2454659939;0.1574050635;C2.9;0;;;0;nan;/Users/wheatley/Documents/Solar/occulted_flares/data/dat_files;/Users/wheatley/Documents/Solar/occulted_flares/data/;/xrs2012199;nan;nan;list_matches_chisq_fit_high.csv;40.80992348;      4.03122
12071911;19-Jul-2012 05:10:01.000;19-Jul-2012 05:29:30.000;19-Jul-2012 05:21:33.000;19-Jul-2012 05:21:49.000;1.378500104;0.1016528979;C2.0;0;;;0;nan;/Users/wheatley/Documents/Solar/occulted_flares/data/dat_files;/Users/wheatley/Documents/Solar/occulted_flares/data/;/xrs2012201;nan;nan;list_matches_chisq_fit_high.csv;37.484395367;      3.49500
12072411;24-Jul-2012 19:00:08.000;24-Jul-2012 18:58:58.000;24-Jul-2012 19:04:59.000;24-Jul-2012 19:05:15.000;1.336104393;0.0480006374;B9.2;0;M1.6;;0;nan;/Users/wheatley/Documents/Solar/occulted_flares/data/dat_files;/Users/wheatley/Documents/Solar/occulted_flares/data/;/xrs2012206;nan;nan;list_matches_chisq_fit_high.csv;28.9467666196;      1.21990
12072748;27-Jul-2012 17:17:33.000;27-Jul-2012 16:51:18.000;27-Jul-2012 17:25:45.000;27-Jul-2012 17:26:01.000;1.1600126028;0.1146577969;C2.0;0;;;0;nan;/Users/wheatley/Documents/Solar/occulted_flares/data/dat_files;/Users/wheatley/Documents/Solar/occulted_flares/data/;/xrs2012209;nan;nan;list_matches_chisq_fit_high.csv;23.6819664266;      2.26743
12072831;28-Jul-2012 20:47:35.000;28-Jul-2012 21:03:50.000;28-Jul-2012 20:52:27.000;28-Jul-2012 20:52:43.000;1.2332354784;0.2555743158;C4.6;0;;;0;nan;/Users/wheatley/Documents/Solar/occulted_flares/data/dat_files;/Users/wheatley/Documents/Solar/occulted_flares/data/;/xrs2012210;nan;nan;list_matches_chisq_fit_high.csv;21.9304811619;      9.13320
12072918;29-Jul-2012 06:18:11.000;29-Jul-2012 06:37:42.000;29-Jul-2012 06:23:03.000;29-Jul-2012 06:23:19.000;1.2063266039;0.3139748871;C5.6;0;;;0;nan;/Users/wheatley/Documents/Solar/occulted_flares/data/dat_files;/Users/wheatley/Documents/Solar/occulted_flares/data/;/xrs2012211;nan;nan;list_matches_chisq_fit_high.csv;20.2030455098;      9.62835
12073020;30-Jul-2012 06:08:13.000;30-Jul-2012 05:30:02.000;30-Jul-2012 06:09:45.000;30-Jul-2012 06:10:01.000;1.3424512148;0.0465835743;B8.9;0;;;0;nan;/Users/wheatley/Documents/Solar/occulted_flares/data/dat_files;/Users/wheatley/Documents/Solar/occulted_flares/data/;/xrs2012212;nan;nan;list_matches_chisq_fit_high.csv;18.5244678515;      1.95126
12073018;30-Jul-2012 06:08:13.000;30-Jul-2012 05:46:46.000;30-Jul-2012 06:09:45.000;30-Jul-2012 06:10:01.000;1.3168082237;0.0809765309;C1.5;0;;;0;nan;/Users/wheatley/Documents/Solar/occulted_flares/data/dat_files;/Users/wheatley/Documents/Solar/occulted_flares/data/;/xrs2012212;nan;nan;list_matches_chisq_fit_high.csv;18.5244678515;      7.27256
12073022;30-Jul-2012 06:08:13.000;30-Jul-2012 06:30:10.000;30-Jul-2012 06:09:45.000;30-Jul-2012 06:10:01.000;1.214966774;0.259401232;C4.7;0;;;0;nan;/Users/wheatley/Documents/Solar/occulted_flares/data/dat_files;/Users/wheatley/Documents/Solar/occulted_flares/data/;/xrs2012212;nan;nan;list_matches_chisq_fit_high.csv;18.5244678515;      3.96320
12073140;31-Jul-2012 14:21:36.000;31-Jul-2012 13:37:50.000;31-Jul-2012 14:23:07.000;31-Jul-2012 14:23:23.000;1.3356235027;0.1610247344;C3.1;0;;;0;nan;/Users/wheatley/Documents/Solar/occulted_flares/data/dat_files;/Users/wheatley/Documents/Solar/occulted_flares/data/;/xrs2012213;nan;nan;list_matches_chisq_fit_high.csv;16.9325127946;      10.5853
12080932;09-Aug-2012 11:43:20.000;09-Aug-2012 11:02:26.000;09-Aug-2012 11:44:52.000;09-Aug-2012 11:45:08.000;1.4231972694;0.1785431951;C3.6;0;;;0;nan;/Users/wheatley/Documents/Solar/occulted_flares/data/dat_files;/Users/wheatley/Documents/Solar/occulted_flares/data/;/xrs2012222;nan;nan;list_matches_chisq_fit_high.csv;19.1883842517;      5.10454
12080935;09-Aug-2012 11:43:20.000;09-Aug-2012 11:44:50.000;09-Aug-2012 11:44:52.000;09-Aug-2012 11:45:08.000;1.3402460814;0.1614036411;C3.1;0;;;0;nan;/Users/wheatley/Documents/Solar/occulted_flares/data/dat_files;/Users/wheatley/Documents/Solar/occulted_flares/data/;/xrs2012222;nan;nan;list_matches_chisq_fit_high.csv;19.1883842517;      2.45468
12081011;10-Aug-2012 04:13:23.000;10-Aug-2012 04:13:50.000;10-Aug-2012 04:14:55.000;10-Aug-2012 04:15:11.000;1.0188001394;0.0028104524;A4.3;0;;;0;nan;/Users/wheatley/Documents/Solar/occulted_flares/data/dat_files;/Users/wheatley/Documents/Solar/occulted_flares/data/;/xrs2012223;nan;nan;list_matches_chisq_fit_high.csv;21.8190174898;      1.35117
12081051;10-Aug-2012 04:13:23.000;10-Aug-2012 04:21:46.000;10-Aug-2012 04:14:55.000;10-Aug-2012 04:15:11.000;1.3782215118;0.0892607868;C1.7;0;M6.6*;;0;nan;/Users/wheatley/Documents/Solar/occulted_flares/data/dat_files;/Users/wheatley/Documents/Solar/occulted_flares/data/;/xrs2012223;nan;nan;list_matches_chisq_fit_high.csv;21.8190174898;nan
12081106;11-Aug-2012 12:07:26.000;11-Aug-2012 12:15:38.000;11-Aug-2012 12:18:58.000;11-Aug-2012 12:19:14.000;1.0813049078;0.2990891039;C4.9;0;M6.6*;;0;nan;/Users/wheatley/Documents/Solar/occulted_flares/data/dat_files;/Users/wheatley/Documents/Solar/occulted_flares/data/;/xrs2012224;nan;nan;list_matches_chisq_fit_high.csv;24.7575300319;nan
12081918;19-Aug-2012 04:36:26.000;19-Aug-2012 04:34:02.000;19-Aug-2012 04:41:17.000;19-Aug-2012 04:41:33.000;1.3217105865;0.3264551759;C6.2;0;;;0;nan;/Users/wheatley/Documents/Solar/occulted_flares/data/dat_files;/Users/wheatley/Documents/Solar/occulted_flares/data/;/xrs2012232;nan;nan;list_matches_chisq_fit_high.csv;56.3856739401;nan
12090162;01-Sep-2012 18:27:06.000;01-Sep-2012 17:36:38.000;01-Sep-2012 18:28:37.000;01-Sep-2012 18:28:53.000;1.3039057255;0.0458441935;B8.6;0;;;0;nan;/Users/wheatley/Documents/Solar/occulted_flares/data/dat_files;/Users/wheatley/Documents/Solar/occulted_flares/data/;/xrs2012245;nan;nan;list_matches_chisq_fit_high.csv;121.3220735923;nan
12090163;01-Sep-2012 18:27:06.000;01-Sep-2012 18:58:14.000;01-Sep-2012 18:28:37.000;01-Sep-2012 18:28:53.000;1.3039057255;0.0458441935;B8.6;0;M1.0;;0;nan;/Users/wheatley/Documents/Solar/occulted_flares/data/dat_files;/Users/wheatley/Documents/Solar/occulted_flares/data/;/xrs2012245;nan;nan;list_matches_chisq_fit_high.csv;121.3220735923;nan
12090164;01-Sep-2012 18:27:06.000;01-Sep-2012 19:19:58.000;01-Sep-2012 18:28:37.000;01-Sep-2012 18:28:53.000;1.3039057255;0.0458441935;B8.6;0;C5.0;;0;nan;/Users/wheatley/Documents/Solar/occulted_flares/data/dat_files;/Users/wheatley/Documents/Solar/occulted_flares/data/;/xrs2012245;nan;nan;list_matches_chisq_fit_high.csv;121.3220735923;nan
12090625;06-Sep-2012 15:18:54.000;06-Sep-2012 15:20:02.000;06-Sep-2012 15:23:45.000;06-Sep-2012 15:24:01.000;1.3669937849;0.0541812964;C1.1;0;C5.5;;0;nan;/Users/wheatley/Documents/Solar/occulted_flares/data/dat_files;/Users/wheatley/Documents/Solar/occulted_flares/data/;/xrs2012250;nan;nan;list_matches_chisq_fit_high.csv;142.0907915802;nan
12090638;07-Sep-2012 00:42:11.000;06-Sep-2012 23:42:50.000;07-Sep-2012 00:03:45.000;07-Sep-2012 00:04:01.000;1.3669937849;0.0541812964;C1.1;0;;;0;nan;/Users/wheatley/Documents/Solar/occulted_flares/data/dat_files;/Users/wheatley/Documents/Solar/occulted_flares/data/;/xrs2012250;nan;nan;list_matches_chisq_fit_high.csv;145.6544262378;nan
12090720;07-Sep-2012 17:32:11.000;07-Sep-2012 17:09:14.000;07-Sep-2012 17:40:22.000;07-Sep-2012 17:40:38.000;1.2746186256;0.1219595596;C2.3;0;;;0;nan;/Users/wheatley/Documents/Solar/occulted_flares/data/dat_files;/Users/wheatley/Documents/Solar/occulted_flares/data/;/xrs2012251;nan;nan;list_matches_chisq_fit_high.csv;145.6544262378;nan
12091251;12-Sep-2012 06:10:07.000;12-Sep-2012 05:45:46.000;12-Sep-2012 06:14:58.000;12-Sep-2012 06:15:14.000;1.4227257967;0.2965635955;C5.9;0;;;0;nan;/Users/wheatley/Documents/Solar/occulted_flares/data/dat_files;/Users/wheatley/Documents/Solar/occulted_flares/data/;/xrs2012256;nan;nan;list_matches_chisq_fit_high.csv;159.7936381842;nan
12091224;12-Sep-2012 11:10:07.000;12-Sep-2012 10:21:38.000;12-Sep-2012 11:20:56.000;12-Sep-2012 11:21:12.000;1.6618163586;0.9403415322;M2.1;0;C2.6;;0;nan;/Users/wheatley/Documents/Solar/occulted_flares/data/dat_files;/Users/wheatley/Documents/Solar/occulted_flares/data/;/xrs2012256;nan;nan;list_matches_chisq_fit_high.csv;159.7936381842;nan
12091225;12-Sep-2012 11:10:07.000;12-Sep-2012 11:26:30.000;12-Sep-2012 11:20:56.000;12-Sep-2012 11:21:12.000;1.6618163586;0.9403415322;M2.1;0;;;0;nan;/Users/wheatley/Documents/Solar/occulted_flares/data/dat_files;/Users/wheatley/Documents/Solar/occulted_flares/data/;/xrs2012256;nan;nan;list_matches_chisq_fit_high.csv;159.7936381842;nan
12091227;12-Sep-2012 11:10:07.000;12-Sep-2012 11:41:54.000;12-Sep-2012 11:20:56.000;12-Sep-2012 11:21:12.000;1.6618163586;0.9403415322;M2.1;0;;;0;nan;/Users/wheatley/Documents/Solar/occulted_flares/data/dat_files;/Users/wheatley/Documents/Solar/occulted_flares/data/;/xrs2012256;nan;nan;list_matches_chisq_fit_high.csv;159.7936381842;nan
12091702;17-Sep-2012 06:17:45.000;17-Sep-2012 06:19:54.000;17-Sep-2012 06:19:16.000;17-Sep-2012 06:19:32.000;1.4121644497;0.0790798664;C1.6;0;;;0;nan;/Users/wheatley/Documents/Solar/occulted_flares/data/dat_files;/Users/wheatley/Documents/Solar/occulted_flares/data/;/xrs2012261;nan;nan;list_matches_chisq_fit_high.csv;164.8324335209;nan
12091706;17-Sep-2012 13:54:25.000;17-Sep-2012 12:58:10.000;17-Sep-2012 13:55:56.000;17-Sep-2012 13:56:12.000;1.2659599781;0.064031139;C1.2;0;C1.1;;0;nan;/Users/wheatley/Documents/Solar/occulted_flares/data/dat_files;/Users/wheatley/Documents/Solar/occulted_flares/data/;/xrs2012261;nan;nan;list_matches_chisq_fit_high.csv;164.8324335209;nan
12093033;30-Sep-2012 11:38:55.000;30-Sep-2012 11:25:42.000;30-Sep-2012 11:40:26.000;30-Sep-2012 11:40:42.000;1.62890625;0.2871834636;C6.2;0;;;0;nan;/Users/wheatley/Documents/Solar/occulted_flares/data/dat_files;/Users/wheatley/Documents/Solar/occulted_flares/data/;/xrs2012274;nan;nan;list_matches_chisq_fit_high.csv;146.9765193895;nan
12093033;30-Sep-2012 12:05:35.000;30-Sep-2012 11:25:42.000;30-Sep-2012 12:10:26.000;30-Sep-2012 12:10:42.000;1.4116450548;0.3483656049;C6.9;0;;;0;nan;/Users/wheatley/Documents/Solar/occulted_flares/data/dat_files;/Users/wheatley/Documents/Solar/occulted_flares/data/;/xrs2012274;nan;nan;list_matches_chisq_fit_high.csv;146.9765193895;nan
12100165;01-Oct-2012 20:46:14.000;01-Oct-2012 20:47:02.000;01-Oct-2012 20:47:45.000;01-Oct-2012 20:48:01.000;1.451911211;0.1888237298;C3.8;0;;;0;nan;/Users/wheatley/Documents/Solar/occulted_flares/data/dat_files;/Users/wheatley/Documents/Solar/occulted_flares/data/;/xrs2012275;nan;nan;list_matches_chisq_fit_high.csv;145.2983118869;nan
12100707;07-Oct-2012 20:22:50.000;07-Oct-2012 20:25:34.000;07-Oct-2012 20:27:42.000;07-Oct-2012 20:27:58.000;1.6317859888;0.9742012024;M2.1;0;C1.0;;0;nan;/Users/wheatley/Documents/Solar/occulted_flares/data/dat_files;/Users/wheatley/Documents/Solar/occulted_flares/data/;/xrs2012281;nan;nan;list_matches_chisq_fit_high.csv;135.2456534441;nan
12100708;07-Oct-2012 20:22:50.000;07-Oct-2012 21:02:14.000;07-Oct-2012 20:27:42.000;07-Oct-2012 20:27:58.000;1.6317859888;0.9742012024;M2.1;0;;;0;nan;/Users/wheatley/Documents/Solar/occulted_flares/data/dat_files;/Users/wheatley/Documents/Solar/occulted_flares/data/;/xrs2012281;nan;nan;list_matches_chisq_fit_high.csv;135.2456534441;nan
12101508;15-Oct-2012 04:20:13.000;15-Oct-2012 03:31:18.000;15-Oct-2012 04:21:45.000;15-Oct-2012 04:22:01.000;1.5534217358;0.0763866827;C1.6;0;C2.7;;0;nan;/Users/wheatley/Documents/Solar/occulted_flares/data/dat_files;/Users/wheatley/Documents/Solar/occulted_flares/data/;/xrs2012289;nan;nan;list_matches_chisq_fit_high.csv;121.4178789681;nan
12101714;17-Oct-2012 07:54:16.000;17-Oct-2012 07:56:38.000;17-Oct-2012 08:05:47.000;17-Oct-2012 08:06:03.000;1.2190562487;0.2213196307;C4.0;0;C1.5;;0;nan;/Users/wheatley/Documents/Solar/occulted_flares/data/dat_files;/Users/wheatley/Documents/Solar/occulted_flares/data/;/xrs2012291;nan;nan;list_matches_chisq_fit_high.csv;117.7507385497;nan
12101924;19-Oct-2012 20:50:58.000;19-Oct-2012 20:15:02.000;19-Oct-2012 20:52:30.000;19-Oct-2012 20:52:46.000;1.3895549774;0.2696772814;C5.3;0;;;0;nan;/Users/wheatley/Documents/Solar/occulted_flares/data/dat_files;/Users/wheatley/Documents/Solar/occulted_flares/data/;/xrs2012293;nan;nan;list_matches_chisq_fit_high.csv;113.9489737066;nan
12101925;19-Oct-2012 20:50:58.000;19-Oct-2012 21:47:22.000;19-Oct-2012 20:52:30.000;19-Oct-2012 20:52:46.000;1.3895549774;0.2696772814;C5.3;0;M3.5;;0;nan;/Users/wheatley/Documents/Solar/occulted_flares/data/dat_files;/Users/wheatley/Documents/Solar/occulted_flares/data/;/xrs2012293;nan;nan;list_matches_chisq_fit_high.csv;113.9489737066;nan
12102024;20-Oct-2012 18:07:40.000;20-Oct-2012 18:13:18.000;20-Oct-2012 18:11:23.000;20-Oct-2012 18:11:39.000;2.0290155411;0.8483310342;M2.1;0;B8.3*;;0;nan;/Users/wheatley/Documents/Solar/occulted_flares/data/dat_files;/Users/wheatley/Documents/Solar/occulted_flares/data/;/xrs2012294;nan;nan;list_matches_chisq_fit_high.csv;111.9885558795;nan
12102105;21-Oct-2012 02:58:05.000;21-Oct-2012 02:46:14.000;21-Oct-2012 03:06:17.000;21-Oct-2012 03:06:33.000;1.5003203154;0.1704379767;C3.5;0;;;0;nan;/Users/wheatley/Documents/Solar/occulted_flares/data/dat_files;/Users/wheatley/Documents/Solar/occulted_flares/data/;/xrs2012295;nan;nan;list_matches_chisq_fit_high.csv;109.9833003663;nan
12102106;21-Oct-2012 02:58:05.000;21-Oct-2012 03:32:02.000;21-Oct-2012 03:06:17.000;21-Oct-2012 03:06:33.000;1.5003203154;0.1704379767;C3.5;0;C2.9*;;0;nan;/Users/wheatley/Documents/Solar/occulted_flares/data/dat_files;/Users/wheatley/Documents/Solar/occulted_flares/data/;/xrs2012295;nan;nan;list_matches_chisq_fit_high.csv;109.9833003663;nan
12102107;21-Oct-2012 05:28:05.000;21-Oct-2012 05:32:14.000;21-Oct-2012 05:32:57.000;21-Oct-2012 05:33:13.000;1.5080721378;0.1362262815;C2.8;0;;;0;nan;/Users/wheatley/Documents/Solar/occulted_flares/data/dat_files;/Users/wheatley/Documents/Solar/occulted_flares/data/;/xrs2012295;nan;nan;list_matches_chisq_fit_high.csv;109.9833003663;nan
12102125;21-Oct-2012 19:58:05.000;21-Oct-2012 20:01:38.000;21-Oct-2012 20:02:57.000;21-Oct-2012 20:03:13.000;1.5657784939;0.3658488691;C7.7;0;;;0;nan;/Users/wheatley/Documents/Solar/occulted_flares/data/dat_files;/Users/wheatley/Documents/Solar/occulted_flares/data/;/xrs2012295;nan;nan;list_matches_chisq_fit_high.csv;109.9833003663;nan
12102126;21-Oct-2012 19:58:05.000;21-Oct-2012 20:52:34.000;21-Oct-2012 20:02:57.000;21-Oct-2012 20:03:13.000;1.5657784939;0.3658488691;C7.7;0;;;0;nan;/Users/wheatley/Documents/Solar/occulted_flares/data/dat_files;/Users/wheatley/Documents/Solar/occulted_flares/data/;/xrs2012295;nan;nan;list_matches_chisq_fit_high.csv;109.9833003663;nan
12102229;22-Oct-2012 15:58:07.000;22-Oct-2012 16:01:26.000;22-Oct-2012 16:06:19.000;22-Oct-2012 16:06:35.000;1.1643403769;0.128366679;C2.2;0;C2.2*;;0;nan;/Users/wheatley/Documents/Solar/occulted_flares/data/dat_files;/Users/wheatley/Documents/Solar/occulted_flares/data/;/xrs2012296;nan;nan;list_matches_chisq_fit_high.csv;107.9291332247;nan
12102230;22-Oct-2012 15:58:07.000;22-Oct-2012 16:16:54.000;22-Oct-2012 16:06:19.000;22-Oct-2012 16:06:35.000;1.1643403769;0.128366679;C2.2;0;C2.2*;;0;nan;/Users/wheatley/Documents/Solar/occulted_flares/data/dat_files;/Users/wheatley/Documents/Solar/occulted_flares/data/;/xrs2012296;nan;nan;list_matches_chisq_fit_high.csv;107.9291332247;nan
12102234;22-Oct-2012 18:44:47.000;22-Oct-2012 17:59:42.000;22-Oct-2012 18:49:39.000;22-Oct-2012 18:49:55.000;1.7137101889;1.307546258;M2.9;0;;;0;nan;/Users/wheatley/Documents/Solar/occulted_flares/data/dat_files;/Users/wheatley/Documents/Solar/occulted_flares/data/;/xrs2012296;nan;nan;list_matches_chisq_fit_high.csv;107.9291332247;nan
12102240;22-Oct-2012 18:44:47.000;22-Oct-2012 19:13:46.000;22-Oct-2012 18:49:39.000;22-Oct-2012 18:49:55.000;1.7137101889;1.307546258;M2.9;0;;;0;nan;/Users/wheatley/Documents/Solar/occulted_flares/data/dat_files;/Users/wheatley/Documents/Solar/occulted_flares/data/;/xrs2012296;nan;nan;list_matches_chisq_fit_high.csv;107.9291332247;nan
12102309;23-Oct-2012 03:24:37.000;23-Oct-2012 02:31:34.000;23-Oct-2012 03:29:49.000;23-Oct-2012 03:30:05.000;1.3162747622;0.7462505102;M1.4;0;C5.0;;0;nan;/Users/wheatley/Documents/Solar/occulted_flares/data/dat_files;/Users/wheatley/Documents/Solar/occulted_flares/data/;/xrs2012297;nan;nan;list_matches_chisq_fit_high.csv;105.821793124;nan
12102310;23-Oct-2012 03:24:37.000;23-Oct-2012 03:17:22.000;23-Oct-2012 03:29:49.000;23-Oct-2012 03:30:05.000;1.3162747622;0.7462505102;M1.4;0;M1.2;;0;nan;/Users/wheatley/Documents/Solar/occulted_flares/data/dat_files;/Users/wheatley/Documents/Solar/occulted_flares/data/;/xrs2012297;nan;nan;list_matches_chisq_fit_high.csv;105.821793124;nan
12110705;07-Nov-2012 07:51:36.000;07-Nov-2012 07:50:38.000;07-Nov-2012 07:52:28.000;07-Nov-2012 07:52:44.000;1.5258815289;0.0699676648;C1.5;0;;;0;nan;/Users/wheatley/Documents/Solar/occulted_flares/data/dat_files;/Users/wheatley/Documents/Solar/occulted_flares/data/;/xrs2012312;nan;nan;list_matches_chisq_fit_high.csv;64.3809442274;nan
12110706;07-Nov-2012 07:51:36.000;07-Nov-2012 08:45:06.000;07-Nov-2012 07:52:28.000;07-Nov-2012 07:52:44.000;1.5258815289;0.0699676648;C1.5;0;;;0;nan;/Users/wheatley/Documents/Solar/occulted_flares/data/dat_files;/Users/wheatley/Documents/Solar/occulted_flares/data/;/xrs2012312;nan;nan;list_matches_chisq_fit_high.csv;64.3809442274;nan
12110717;07-Nov-2012 13:01:36.000;07-Nov-2012 12:33:22.000;07-Nov-2012 13:03:08.000;07-Nov-2012 13:03:24.000;1.3594709635;0.0773595273;C1.5;0;M3.7*;;0;nan;/Users/wheatley/Documents/Solar/occulted_flares/data/dat_files;/Users/wheatley/Documents/Solar/occulted_flares/data/;/xrs2012312;nan;nan;list_matches_chisq_fit_high.csv;64.3809442274;nan
12110718;07-Nov-2012 13:01:36.000;07-Nov-2012 13:15:10.000;07-Nov-2012 13:03:08.000;07-Nov-2012 13:03:24.000;1.3594709635;0.0773595273;C1.5;0;M3.7*;;0;nan;/Users/wheatley/Documents/Solar/occulted_flares/data/dat_files;/Users/wheatley/Documents/Solar/occulted_flares/data/;/xrs2012312;nan;nan;list_matches_chisq_fit_high.csv;64.3809442274;nan
12111105;11-Nov-2012 02:22:27.000;11-Nov-2012 02:30:18.000;11-Nov-2012 02:30:39.000;11-Nov-2012 02:30:55.000;1.2176400423;0.2664133012;C4.8;0;M1.5*;;0;nan;/Users/wheatley/Documents/Solar/occulted_flares/data/dat_files;/Users/wheatley/Documents/Solar/occulted_flares/data/;/xrs2012316;nan;nan;list_matches_chisq_fit_high.csv;48.9596656734;nan
12111320;13-Nov-2012 05:44:49.000;13-Nov-2012 05:48:14.000;13-Nov-2012 05:49:40.000;13-Nov-2012 05:49:56.000;1.5267884731;0.7113370895;M1.5;0;M1.5*;;0;nan;/Users/wheatley/Documents/Solar/occulted_flares/data/dat_files;/Users/wheatley/Documents/Solar/occulted_flares/data/;/xrs2012318;nan;nan;list_matches_chisq_fit_high.csv;40.5482015867;nan
12111515;15-Nov-2012 04:27:15.000;15-Nov-2012 04:32:22.000;15-Nov-2012 04:35:26.000;15-Nov-2012 04:35:42.000;1.2585949898;0.1442145407;C2.7;0;;;0;nan;/Users/wheatley/Documents/Solar/occulted_flares/data/dat_files;/Users/wheatley/Documents/Solar/occulted_flares/data/;/xrs2012320;nan;nan;list_matches_chisq_fit_high.csv;31.908219666;nan
12111516;15-Nov-2012 04:27:15.000;15-Nov-2012 05:10:22.000;15-Nov-2012 04:35:26.000;15-Nov-2012 04:35:42.000;1.2585949898;0.1442145407;C2.7;0;M1.3;;0;nan;/Users/wheatley/Documents/Solar/occulted_flares/data/dat_files;/Users/wheatley/Documents/Solar/occulted_flares/data/;/xrs2012320;nan;nan;list_matches_chisq_fit_high.csv;31.908219666;nan
12111806;18-Nov-2012 04:01:19.000;18-Nov-2012 04:09:10.000;18-Nov-2012 04:09:31.000;18-Nov-2012 04:09:47.000;1.1826354265;0.1292540133;C2.3;0;M1.5;;0;nan;/Users/wheatley/Documents/Solar/occulted_flares/data/dat_files;/Users/wheatley/Documents/Solar/occulted_flares/data/;/xrs2012323;nan;nan;list_matches_chisq_fit_high.csv;19.9523902873;nan
12112036;20-Nov-2012 12:39:20.000;20-Nov-2012 11:48:22.000;20-Nov-2012 12:40:52.000;20-Nov-2012 12:41:08.000;1.4844975471;0.3760362864;C7.7;0;;;0;nan;/Users/wheatley/Documents/Solar/occulted_flares/data/dat_files;/Users/wheatley/Documents/Solar/occulted_flares/data/;/xrs2012325;nan;nan;list_matches_chisq_fit_high.csv;15.6023978271;nan
12112037;20-Nov-2012 12:39:20.000;20-Nov-2012 12:40:50.000;20-Nov-2012 12:40:52.000;20-Nov-2012 12:41:08.000;1.4844975471;0.3760362864;C7.7;0;;;0;nan;/Users/wheatley/Documents/Solar/occulted_flares/data/dat_files;/Users/wheatley/Documents/Solar/occulted_flares/data/;/xrs2012325;nan;nan;list_matches_chisq_fit_high.csv;15.6023978271;nan
12112122;21-Nov-2012 06:49:21.000;21-Nov-2012 06:53:30.000;21-Nov-2012 06:54:12.000;21-Nov-2012 06:54:28.000;1.5336182117;0.3331809342;C7.0;0;;;0;nan;/Users/wheatley/Documents/Solar/occulted_flares/data/dat_files;/Users/wheatley/Documents/Solar/occulted_flares/data/;/xrs2012326;nan;nan;list_matches_chisq_fit_high.csv;15.8546062458;nan
12112123;21-Nov-2012 06:49:21.000;21-Nov-2012 07:34:18.000;21-Nov-2012 06:54:12.000;21-Nov-2012 06:54:28.000;1.5336182117;0.3331809342;C7.0;0;M4.4;;0;nan;/Users/wheatley/Documents/Solar/occulted_flares/data/dat_files;/Users/wheatley/Documents/Solar/occulted_flares/data/;/xrs2012326;nan;nan;list_matches_chisq_fit_high.csv;15.8546062458;nan
12112144;21-Nov-2012 15:22:41.000;21-Nov-2012 15:31:42.000;21-Nov-2012 15:26:51.000;21-Nov-2012 15:27:07.000;1.6738679409;0.5779114366;M1.3;0;;;0;nan;/Users/wheatley/Documents/Solar/occulted_flares/data/dat_files;/Users/wheatley/Documents/Solar/occulted_flares/data/;/xrs2012326;nan;nan;list_matches_chisq_fit_high.csv;15.8546062458;nan
12112773;27-Nov-2012 21:21:32.000;27-Nov-2012 20:24:50.000;27-Nov-2012 21:26:24.000;27-Nov-2012 21:26:40.000;1.3689630032;0.2478010654;C4.8;0;M1.4*;;0;nan;/Users/wheatley/Documents/Solar/occulted_flares/data/dat_files;/Users/wheatley/Documents/Solar/occulted_flares/data/;/xrs2012332;nan;nan;list_matches_chisq_fit_high.csv;38.1995960081;nan
12112783;27-Nov-2012 23:18:12.000;27-Nov-2012 23:21:06.000;27-Nov-2012 23:23:04.000;27-Nov-2012 23:23:20.000;1.2456599474;0.160289064;C2.9;0;M1.4*;;0;nan;/Users/wheatley/Documents/Solar/occulted_flares/data/dat_files;/Users/wheatley/Documents/Solar/occulted_flares/data/;/xrs2012332;nan;nan;list_matches_chisq_fit_high.csv;38.1995960081;nan
12112839;28-Nov-2012 12:21:31.000;28-Nov-2012 13:02:50.000;28-Nov-2012 12:23:02.000;28-Nov-2012 12:23:18.000;1.3327941895;0.0942024291;C1.8;0;;;0;nan;/Users/wheatley/Documents/Solar/occulted_flares/data/dat_files;/Users/wheatley/Documents/Solar/occulted_flares/data/;/xrs2012333;nan;nan;list_matches_chisq_fit_high.csv;42.7378789165;nan
12112864;28-Nov-2012 21:28:11.000;28-Nov-2012 21:47:50.000;28-Nov-2012 21:36:22.000;28-Nov-2012 21:36:38.000;1.4303754568;0.530226469;M1.1;0;C9.4*;;0;nan;/Users/wheatley/Documents/Solar/occulted_flares/data/dat_files;/Users/wheatley/Documents/Solar/occulted_flares/data/;/xrs2012333;nan;nan;list_matches_chisq_fit_high.csv;42.7378789165;nan
12112927;29-Nov-2012 07:08:09.000;29-Nov-2012 07:07:54.000;29-Nov-2012 07:09:40.000;29-Nov-2012 07:09:56.000;1.358088851;0.0719891861;C1.4;0;;;0;nan;/Users/wheatley/Documents/Solar/occulted_flares/data/dat_files;/Users/wheatley/Documents/Solar/occulted_flares/data/;/xrs2012334;nan;nan;list_matches_chisq_fit_high.csv;47.2194936195;nan
13010922;09-Jan-2013 14:35:00.000;09-Jan-2013 14:49:14.000;09-Jan-2013 14:39:51.000;09-Jan-2013 14:40:07.000;1.5421434641;0.3057173491;C6.4;0;;;0;nan;/Users/wheatley/Documents/Solar/occulted_flares/data/dat_files;/Users/wheatley/Documents/Solar/occulted_flares/data/;/xrs2013009;nan;nan;list_matches_chisq_fit_high.csv;150.9109757214;nan
13031505;15-Mar-2013 06:27:21.000;15-Mar-2013 06:11:10.000;15-Mar-2013 06:38:53.000;15-Mar-2013 06:39:09.000;1.2898659706;0.1551274508;C2.9;0;;;0;nan;/Users/wheatley/Documents/Solar/occulted_flares/data/dat_files;/Users/wheatley/Documents/Solar/occulted_flares/data/;/xrs2013074;nan;nan;list_matches_chisq_fit_high.csv;26.2922350915;nan
13031507;15-Mar-2013 06:27:21.000;15-Mar-2013 07:09:22.000;15-Mar-2013 06:38:53.000;15-Mar-2013 06:39:09.000;1.2898659706;0.1551274508;C2.9;0;;;0;nan;/Users/wheatley/Documents/Solar/occulted_flares/data/dat_files;/Users/wheatley/Documents/Solar/occulted_flares/data/;/xrs2013074;nan;nan;list_matches_chisq_fit_high.csv;26.2922350915;nan
13031810;18-Mar-2013 03:17:55.000;18-Mar-2013 02:26:46.000;18-Mar-2013 03:19:26.000;18-Mar-2013 03:19:42.000;1.3884065151;0.0440460965;B8.6;0;X1.5;;0;nan;/Users/wheatley/Documents/Solar/occulted_flares/data/dat_files;/Users/wheatley/Documents/Solar/occulted_flares/data/;/xrs2013077;nan;nan;list_matches_chisq_fit_high.csv;32.5108229437;nan
13031811;18-Mar-2013 03:17:55.000;18-Mar-2013 03:20:50.000;18-Mar-2013 03:19:26.000;18-Mar-2013 03:19:42.000;1.3884065151;0.0440460965;B8.6;0;;;0;nan;/Users/wheatley/Documents/Solar/occulted_flares/data/dat_files;/Users/wheatley/Documents/Solar/occulted_flares/data/;/xrs2013077;nan;nan;list_matches_chisq_fit_high.csv;32.5108229437;nan
13032002;20-Mar-2013 00:45:11.000;20-Mar-2013 01:18:50.000;20-Mar-2013 01:00:02.000;20-Mar-2013 01:00:18.000;1.4949873686;0.2781786919;C5.7;0;;;0;nan;/Users/wheatley/Documents/Solar/occulted_flares/data/dat_files;/Users/wheatley/Documents/Solar/occulted_flares/data/;/xrs2013079;nan;nan;list_matches_chisq_fit_high.csv;36.4551062522;nan
13032034;20-Mar-2013 19:11:51.000;20-Mar-2013 18:48:26.000;20-Mar-2013 19:13:22.000;20-Mar-2013 19:13:38.000;1.2456958294;0.1327394545;C2.4;0;M1.1;;0;nan;/Users/wheatley/Documents/Solar/occulted_flares/data/dat_files;/Users/wheatley/Documents/Solar/occulted_flares/data/;/xrs2013079;nan;nan;list_matches_chisq_fit_high.csv;36.4551062522;nan
13041107;11-Apr-2013 06:59:05.000;11-Apr-2013 07:07:38.000;11-Apr-2013 07:13:56.000;11-Apr-2013 07:14:12.000;1.4793571234;1.3806710243;M2.8;0;C1.4;;0;nan;/Users/wheatley/Documents/Solar/occulted_flares/data/dat_files;/Users/wheatley/Documents/Solar/occulted_flares/data/;/xrs2013101;nan;nan;list_matches_chisq_fit_high.csv;74.9243519437;nan
13041107;11-Apr-2013 07:15:45.000;11-Apr-2013 07:07:38.000;11-Apr-2013 07:17:16.000;11-Apr-2013 07:17:32.000;1.3409932852;1.5331749916;M2.9;0;;;0;nan;/Users/wheatley/Documents/Solar/occulted_flares/data/dat_files;/Users/wheatley/Documents/Solar/occulted_flares/data/;/xrs2013101;nan;nan;list_matches_chisq_fit_high.csv;74.9243519437;nan
13041112;11-Apr-2013 10:35:45.000;11-Apr-2013 10:57:18.000;11-Apr-2013 10:43:56.000;11-Apr-2013 10:44:12.000;1.1933032274;0.1761788577;C3.1;0;;;0;nan;/Users/wheatley/Documents/Solar/occulted_flares/data/dat_files;/Users/wheatley/Documents/Solar/occulted_flares/data/;/xrs2013101;nan;nan;list_matches_chisq_fit_high.csv;74.9243519437;nan
13041256;12-Apr-2013 19:15:46.000;12-Apr-2013 18:43:50.000;12-Apr-2013 19:20:37.000;12-Apr-2013 19:20:53.000;1.2757242918;0.0990514457;C1.8;0;C5.5;;0;nan;/Users/wheatley/Documents/Solar/occulted_flares/data/dat_files;/Users/wheatley/Documents/Solar/occulted_flares/data/;/xrs2013102;nan;nan;list_matches_chisq_fit_high.csv;76.7549373138;nan
13041825;18-Apr-2013 18:07:16.000;18-Apr-2013 18:10:30.000;18-Apr-2013 18:18:48.000;18-Apr-2013 18:19:04.000;1.1889344454;0.1919443905;C3.4;0;;;0;nan;/Users/wheatley/Documents/Solar/occulted_flares/data/dat_files;/Users/wheatley/Documents/Solar/occulted_flares/data/;/xrs2013108;nan;nan;list_matches_chisq_fit_high.csv;88.6081465828;nan
13042246;22-Apr-2013 10:25:25.000;22-Apr-2013 11:10:58.000;22-Apr-2013 10:30:17.000;22-Apr-2013 10:30:33.000;1.3752945662;0.2010876089;C3.9;0;C2.0;;0;nan;/Users/wheatley/Documents/Solar/occulted_flares/data/dat_files;/Users/wheatley/Documents/Solar/occulted_flares/data/;/xrs2013112;nan;nan;list_matches_chisq_fit_high.csv;97.6751774007;nan
13042352;23-Apr-2013 14:12:08.000;23-Apr-2013 14:13:50.000;23-Apr-2013 14:13:39.000;23-Apr-2013 14:13:55.000;1.6067563295;0.1627286524;C3.5;0;;;0;nan;/Users/wheatley/Documents/Solar/occulted_flares/data/dat_files;/Users/wheatley/Documents/Solar/occulted_flares/data/;/xrs2013113;nan;nan;list_matches_chisq_fit_high.csv;100.1352213172;nan
13042586;25-Apr-2013 21:26:23.000;25-Apr-2013 22:00:42.000;25-Apr-2013 21:34:35.000;25-Apr-2013 21:34:51.000;1.2479075193;0.1791423559;C3.3;0;C1.1;;0;nan;/Users/wheatley/Documents/Solar/occulted_flares/data/dat_files;/Users/wheatley/Documents/Solar/occulted_flares/data/;/xrs2013115;nan;nan;list_matches_chisq_fit_high.csv;105.3284200975;nan
13042586;25-Apr-2013 21:59:43.000;25-Apr-2013 22:00:42.000;25-Apr-2013 22:01:15.000;25-Apr-2013 22:01:31.000;1.3076648712;0.198049441;C3.7;0;;;0;nan;/Users/wheatley/Documents/Solar/occulted_flares/data/dat_files;/Users/wheatley/Documents/Solar/occulted_flares/data/;/xrs2013115;nan;nan;list_matches_chisq_fit_high.csv;105.3284200975;nan
13042624;26-Apr-2013 06:23:06.000;26-Apr-2013 06:25:50.000;26-Apr-2013 06:27:58.000;26-Apr-2013 06:28:14.000;1.3917310238;0.162010029;C3.2;0;C1.2;;0;nan;/Users/wheatley/Documents/Solar/occulted_flares/data/dat_files;/Users/wheatley/Documents/Solar/occulted_flares/data/;/xrs2013116;nan;nan;list_matches_chisq_fit_high.csv;108.0740231195;nan
13042624;26-Apr-2013 06:56:26.000;26-Apr-2013 06:25:50.000;26-Apr-2013 06:57:58.000;26-Apr-2013 06:58:14.000;1.2005689144;0.1308795512;C2.3;0;B9.0;;0;nan;/Users/wheatley/Documents/Solar/occulted_flares/data/dat_files;/Users/wheatley/Documents/Solar/occulted_flares/data/;/xrs2013116;nan;nan;list_matches_chisq_fit_high.csv;108.0740231195;nan
13042736;27-Apr-2013 10:49:49.000;27-Apr-2013 10:53:50.000;27-Apr-2013 10:51:20.000;27-Apr-2013 10:51:36.000;1.3904310465;0.0704860911;C1.4;0;;;0;nan;/Users/wheatley/Documents/Solar/occulted_flares/data/dat_files;/Users/wheatley/Documents/Solar/occulted_flares/data/;/xrs2013117;nan;nan;list_matches_chisq_fit_high.csv;110.9274144242;nan
13042740;27-Apr-2013 12:09:49.000;27-Apr-2013 12:28:54.000;27-Apr-2013 12:11:20.000;27-Apr-2013 12:11:36.000;1.4501459599;0.2182476372;C4.4;0;C2.2;;0;nan;/Users/wheatley/Documents/Solar/occulted_flares/data/dat_files;/Users/wheatley/Documents/Solar/occulted_flares/data/;/xrs2013117;nan;nan;list_matches_chisq_fit_high.csv;110.9274144242;nan
13042748;27-Apr-2013 15:09:49.000;27-Apr-2013 15:11:46.000;27-Apr-2013 15:11:20.000;27-Apr-2013 15:11:36.000;1.3162158728;0.0849841088;C1.6;0;;;0;nan;/Users/wheatley/Documents/Solar/occulted_flares/data/dat_files;/Users/wheatley/Documents/Solar/occulted_flares/data/;/xrs2013117;nan;nan;list_matches_chisq_fit_high.csv;110.9274144242;nan
13042928;29-Apr-2013 09:13:55.000;29-Apr-2013 08:54:50.000;29-Apr-2013 09:15:26.000;29-Apr-2013 09:15:42.000;1.3068367243;0.0941245481;C1.8;0;C6.4;;0;nan;/Users/wheatley/Documents/Solar/occulted_flares/data/dat_files;/Users/wheatley/Documents/Solar/occulted_flares/data/;/xrs2013119;nan;nan;list_matches_chisq_fit_high.csv;116.9827855381;nan
13042965;29-Apr-2013 19:40:35.000;29-Apr-2013 20:29:02.000;29-Apr-2013 19:42:06.000;29-Apr-2013 19:42:22.000;1.3289446831;0.1479135901;C2.8;0;B8.5;;0;nan;/Users/wheatley/Documents/Solar/occulted_flares/data/dat_files;/Users/wheatley/Documents/Solar/occulted_flares/data/;/xrs2013119;nan;nan;list_matches_chisq_fit_high.csv;116.9827855381;nan
13043023;30-Apr-2013 08:54:38.000;30-Apr-2013 08:44:50.000;30-Apr-2013 08:59:29.000;30-Apr-2013 08:59:45.000;1.463134408;0.1154630631;C2.3;0;C2.2;;0;nan;/Users/wheatley/Documents/Solar/occulted_flares/data/dat_files;/Users/wheatley/Documents/Solar/occulted_flares/data/;/xrs2013120;nan;nan;list_matches_chisq_fit_high.csv;120.1968949734;nan
13050122;01-May-2013 05:51:20.000;01-May-2013 05:44:46.000;01-May-2013 05:56:12.000;01-May-2013 05:56:28.000;1.2358393669;0.1227113083;C2.2;0;M4.2*;;0;nan;/Users/wheatley/Documents/Solar/occulted_flares/data/dat_files;/Users/wheatley/Documents/Solar/occulted_flares/data/;/xrs2013121;nan;nan;list_matches_chisq_fit_high.csv;123.5426729863;nan
13050122;01-May-2013 06:11:20.000;01-May-2013 05:44:46.000;01-May-2013 06:16:12.000;01-May-2013 06:16:28.000;1.1413390636;0.1587172598;C2.7;0;;;0;nan;/Users/wheatley/Documents/Solar/occulted_flares/data/dat_files;/Users/wheatley/Documents/Solar/occulted_flares/data/;/xrs2013121;nan;nan;list_matches_chisq_fit_high.csv;123.5426729863;nan
13050351;03-May-2013 16:46:46.000;03-May-2013 17:28:54.000;03-May-2013 16:56:58.000;03-May-2013 16:57:14.000;1.2454659939;0.1574050635;C2.9;0;B7.4*;;0;nan;/Users/wheatley/Documents/Solar/occulted_flares/data/dat_files;/Users/wheatley/Documents/Solar/occulted_flares/data/;/xrs2013123;nan;nan;list_matches_chisq_fit_high.csv;130.6464919533;nan
13050406;04-May-2013 04:02:09.000;04-May-2013 03:51:02.000;04-May-2013 04:03:40.000;04-May-2013 04:03:56.000;1.378500104;0.1016528979;C2.0;0;C5.2;;0;nan;/Users/wheatley/Documents/Solar/occulted_flares/data/dat_files;/Users/wheatley/Documents/Solar/occulted_flares/data/;/xrs2013124;nan;nan;list_matches_chisq_fit_high.csv;134.4096938299;nan
13050933;09-May-2013 16:36:21.000;09-May-2013 16:37:30.000;09-May-2013 16:37:52.000;09-May-2013 16:38:08.000;1.336104393;0.0480006374;B9.2;0;C3.7*;;0;nan;/Users/wheatley/Documents/Solar/occulted_flares/data/dat_files;/Users/wheatley/Documents/Solar/occulted_flares/data/;/xrs2013129;nan;nan;list_matches_chisq_fit_high.csv;155.1475396664;nan
13051642;16-May-2013 22:07:16.000;16-May-2013 21:51:38.000;16-May-2013 22:15:27.000;16-May-2013 22:15:43.000;1.1600126028;0.1146577969;C2.0;0;C3.7*;;0;nan;/Users/wheatley/Documents/Solar/occulted_flares/data/dat_files;/Users/wheatley/Documents/Solar/occulted_flares/data/;/xrs2013136;nan;nan;list_matches_chisq_fit_high.csv;164.8854272852;nan
13051830;18-May-2013 20:05:15.000;18-May-2013 20:49:26.000;18-May-2013 20:10:07.000;18-May-2013 20:10:23.000;1.5245741606;0.248940438;C5.2;0;C3.7*;;0;nan;/Users/wheatley/Documents/Solar/occulted_flares/data/dat_files;/Users/wheatley/Documents/Solar/occulted_flares/data/;/xrs2013138;nan;nan;list_matches_chisq_fit_high.csv;155.6054084021;nan
13051830;18-May-2013 20:48:35.000;18-May-2013 20:49:26.000;18-May-2013 21:00:07.000;18-May-2013 21:00:23.000;1.2332354784;0.2555743158;C4.6;0;C3.7*;;0;nan;/Users/wheatley/Documents/Solar/occulted_flares/data/dat_files;/Users/wheatley/Documents/Solar/occulted_flares/data/;/xrs2013138;nan;nan;list_matches_chisq_fit_high.csv;155.6054084021;nan
13051831;18-May-2013 20:48:35.000;18-May-2013 21:26:42.000;18-May-2013 21:00:07.000;18-May-2013 21:00:23.000;1.2332354784;0.2555743158;C4.6;0;C3.7*;;0;nan;/Users/wheatley/Documents/Solar/occulted_flares/data/dat_files;/Users/wheatley/Documents/Solar/occulted_flares/data/;/xrs2013138;nan;nan;list_matches_chisq_fit_high.csv;155.6054084021;nan
13051943;19-May-2013 17:11:54.000;19-May-2013 16:31:14.000;19-May-2013 17:23:26.000;19-May-2013 17:23:42.000;1.2921913862;0.1184654012;C2.2;0;;;0;nan;/Users/wheatley/Documents/Solar/occulted_flares/data/dat_files;/Users/wheatley/Documents/Solar/occulted_flares/data/;/xrs2013139;nan;nan;list_matches_chisq_fit_high.csv;150.7134068481;nan
13051948;19-May-2013 17:11:54.000;19-May-2013 17:21:22.000;19-May-2013 17:23:26.000;19-May-2013 17:23:42.000;1.2921913862;0.1184654012;C2.2;0;;;0;nan;/Users/wheatley/Documents/Solar/occulted_flares/data/dat_files;/Users/wheatley/Documents/Solar/occulted_flares/data/;/xrs2013139;nan;nan;list_matches_chisq_fit_high.csv;150.7134068481;nan
13051948;19-May-2013 17:38:34.000;19-May-2013 17:21:22.000;19-May-2013 17:46:46.000;19-May-2013 17:47:02.000;1.2063266039;0.3139748871;C5.6;0;;;0;nan;/Users/wheatley/Documents/Solar/occulted_flares/data/dat_files;/Users/wheatley/Documents/Solar/occulted_flares/data/;/xrs2013139;nan;nan;list_matches_chisq_fit_high.csv;150.7134068481;nan
13052208;22-May-2013 00:53:10.000;22-May-2013 01:02:22.000;22-May-2013 00:54:02.000;22-May-2013 00:54:18.000;1.3424512148;0.0465835743;B8.9;0;C4.2*;;0;nan;/Users/wheatley/Documents/Solar/occulted_flares/data/dat_files;/Users/wheatley/Documents/Solar/occulted_flares/data/;/xrs2013142;nan;nan;list_matches_chisq_fit_high.csv;136.1417040796;nan
13052343;23-May-2013 14:46:28.000;23-May-2013 14:49:26.000;23-May-2013 14:51:20.000;23-May-2013 14:51:36.000;1.3168082237;0.0809765309;C1.5;0;;;0;nan;/Users/wheatley/Documents/Solar/occulted_flares/data/dat_files;/Users/wheatley/Documents/Solar/occulted_flares/data/;/xrs2013143;nan;nan;list_matches_chisq_fit_high.csv;131.4523901968;nan
13053114;31-May-2013 19:56:08.000;31-May-2013 19:58:34.000;31-May-2013 20:01:00.000;31-May-2013 20:01:16.000;1.214966774;0.259401232;C4.7;0;;;0;nan;/Users/wheatley/Documents/Solar/occulted_flares/data/dat_files;/Users/wheatley/Documents/Solar/occulted_flares/data/;/xrs2013151;nan;nan;list_matches_chisq_fit_high.csv;99.0269717184;nan
13060316;03-Jun-2013 07:09:59.000;03-Jun-2013 07:14:42.000;03-Jun-2013 07:21:31.000;03-Jun-2013 07:21:47.000;1.3356235027;0.1610247344;C3.1;0;;;0;nan;/Users/wheatley/Documents/Solar/occulted_flares/data/dat_files;/Users/wheatley/Documents/Solar/occulted_flares/data/;/xrs2013154;nan;nan;list_matches_chisq_fit_high.csv;89.2766434123;nan
13060317;03-Jun-2013 07:09:59.000;03-Jun-2013 07:52:06.000;03-Jun-2013 07:21:31.000;03-Jun-2013 07:21:47.000;1.3356235027;0.1610247344;C3.1;0;C1.6*;;0;nan;/Users/wheatley/Documents/Solar/occulted_flares/data/dat_files;/Users/wheatley/Documents/Solar/occulted_flares/data/;/xrs2013154;nan;nan;list_matches_chisq_fit_high.csv;89.2766434123;nan
13061914;19-Jun-2013 09:36:43.000;19-Jun-2013 09:40:06.000;19-Jun-2013 09:48:15.000;19-Jun-2013 09:48:31.000;1.4231972694;0.1785431951;C3.6;0;C1.6*;;0;nan;/Users/wheatley/Documents/Solar/occulted_flares/data/dat_files;/Users/wheatley/Documents/Solar/occulted_flares/data/;/xrs2013170;nan;nan;list_matches_chisq_fit_high.csv;52.1408108922;nan
13061915;19-Jun-2013 09:36:43.000;19-Jun-2013 10:04:26.000;19-Jun-2013 09:48:15.000;19-Jun-2013 09:48:31.000;1.4231972694;0.1785431951;C3.6;0;C1.3*;;0;nan;/Users/wheatley/Documents/Solar/occulted_flares/data/dat_files;/Users/wheatley/Documents/Solar/occulted_flares/data/;/xrs2013170;nan;nan;list_matches_chisq_fit_high.csv;52.1408108922;nan
13062808;28-Jun-2013 03:33:56.000;28-Jun-2013 03:35:30.000;28-Jun-2013 03:38:48.000;28-Jun-2013 03:39:04.000;1.3402460814;0.1614036411;C3.1;0;C1.0;;0;nan;/Users/wheatley/Documents/Solar/occulted_flares/data/dat_files;/Users/wheatley/Documents/Solar/occulted_flares/data/;/xrs2013179;nan;nan;list_matches_chisq_fit_high.csv;36.8582266687;nan
13070301;02-Jul-2013 23:52:37.000;03-Jul-2013 00:11:18.000;04-Jul-2013 00:04:09.000;04-Jul-2013 00:04:25.000;1.0188001394;0.0028104524;A4.3;0;;;0;nan;/Users/wheatley/Documents/Solar/occulted_flares/data/dat_files;/Users/wheatley/Documents/Solar/occulted_flares/data/;/xrs2013184;nan;nan;list_matches_chisq_fit_high.csv;30.4761004483;nan
